relative_folder,file_name,matched_rule_id,location_label,place_full,country,centroid_lat,centroid_lon
photos/2026-01-14,20260114_123138.jpg,yule_cat,Lækjargata,"Jólakötturinn (Yule Cat) sculpture, Lækjargata, 101, Reykjavík, Höfuðborgarsvæði, Iceland",Iceland,64.1466,-21.9412
photos/2026-01-14,20260114_123808.jpg,skolavordustigur,Skólavörðustígur,"Skólavörðustígur, 101, Reykjavík, Höfuðborgarsvæði, Iceland",Iceland,64.144,-21.932
photos/2026-01-14,20260114_124725.jpg,hallgrimskirkja_plaza,Hallgrímstorg,"Hallgrímskirkja, Hallgrímstorg, 101, Reykjavík, Höfuðborgarsvæði, Iceland",Iceland,64.1417,-21.9266
photos/2026-01-14,20260114_124819-EDIT.jpg,hallgrimskirkja_plaza,Hallgrímstorg,"Hallgrímskirkja, Hallgrímstorg, 101, Reykjavík, Höfuðborgarsvæði, Iceland",Iceland,64.1417,-21.9266
photos/2026-01-14,20260114_130507.jpg,hallgrimskirkja_tower,Hallgrímstorg,"Hallgrímskirkja observation tower, Hallgrímstorg, 101, Reykjavík, Höfuðborgarsvæði, Iceland",Iceland,64.1417,-21.9266
photos/2026-01-14,20260114_130550.jpg,hallgrimskirkja_tower,Hallgrímstorg,"Hallgrímskirkja observation tower, Hallgrímstorg, 101, Reykjavík, Höfuðborgarsvæði, Iceland",Iceland,64.1417,-21.9266
photos/2026-01-14,20260114_130559.jpg,hallgrimskirkja_tower,Hallgrímstorg,"Hallgrímskirkja observation tower, Hallgrímstorg, 101, Reykjavík, Höfuðborgarsvæði, Iceland",Iceland,64.1417,-21.9266
photos/2026-01-14,20260114_132458.jpg,sun_voyager,Sæbraut,"Sólfar (Sun Voyager), Sæbraut, 101, Reykjavík, Höfuðborgarsvæði, Iceland",Iceland,64.1419,-21.92
photos/2026-01-14,20260114_132504.jpg,sun_voyager,Sæbraut,"Sólfar (Sun Voyager), Sæbraut, 101, Reykjavík, Höfuðborgarsvæði, Iceland",Iceland,64.1419,-21.92
photos/2026-01-14,20260114_132522.jpg,sun_voyager,Sæbraut,"Sólfar (Sun Voyager), Sæbraut, 101, Reykjavík, Höfuðborgarsvæði, Iceland",Iceland,64.1419,-21.92
photos/2026-01-14,20260114_132609.jpg,sun_voyager,Sæbraut,"Sólfar (Sun Voyager), Sæbraut, 101, Reykjavík, Höfuðborgarsvæði, Iceland",Iceland,64.1419,-21.92
photos/2026-01-14,20260114_151900.jpg,skolavordustigur,Skólavörðustígur,"Skólavörðustígur, 101, Reykjavík, Höfuðborgarsvæði, Iceland",Iceland,64.144,-21.932
photos/2026-01-14,20260114_175806.jpg,reykjavik_generic,Reykjavík,"101 Reykjavík, Höfuðborgarsvæði, Iceland",Iceland,64.1466,-21.9426
photos/2026-01-14,IMG-20260114-WA0002.jpg,(none),,,,,
photos/2026-01-14,IMG-20260130-WA0011-EDIT.jpg,hallgrimskirkja_tower,Hallgrímstorg,"Hallgrímskirkja observation tower, Hallgrímstorg, 101, Reykjavík, Höfuðborgarsvæði, Iceland",Iceland,64.1417,-21.9266
photos/2026-01-15,20260115_090631.jpg,golden_circle_tectonic_exhibit,Suðurlandsvegur,"Indoor tectonic-plate boundary exhibit, Golden Circle route, Suðurland, Iceland",Iceland,,
photos/2026-01-15,20260115_094806.jpg,kerid,Kerið,"Kerið crater, Grímsnes- og Grafningshreppur, Suðurland, Iceland",Iceland,64.0442,-20.8811
photos/2026-01-15,20260115_095014.jpg,kerid,Kerið,"Kerið crater, Grímsnes- og Grafningshreppur, Suðurland, Iceland",Iceland,64.0442,-20.8811
photos/2026-01-15,20260115_095058.jpg,kerid,Kerið,"Kerið crater, Grímsnes- og Grafningshreppur, Suðurland, Iceland",Iceland,64.0442,-20.8811
photos/2026-01-15,20260115_095833.jpg,kerid,Kerið,"Kerið crater, Grímsnes- og Grafningshreppur, Suðurland, Iceland",Iceland,64.0442,-20.8811
photos/2026-01-15,20260115_105145.jpg,fridheimar,Friðheimar,"Friðheimar, Reykholt, Bláskógabyggð, Suðurland, Iceland",Iceland,64.1509,-20.5703
photos/2026-01-15,20260115_114100.jpg,gullfoss,Gullfoss,"Gullfoss waterfall, Bláskógabyggð, Suðurland, Iceland",Iceland,64.3272,-20.1328
photos/2026-01-15,20260115_114128.jpg,gullfoss,Gullfoss,"Gullfoss waterfall, Bláskógabyggð, Suðurland, Iceland",Iceland,64.3272,-20.1328
photos/2026-01-15,20260115_114138.jpg,gullfoss,Gullfoss,"Gullfoss waterfall, Bláskógabyggð, Suðurland, Iceland",Iceland,64.3272,-20.1328
photos/2026-01-15,20260115_114724.jpg,gullfoss,Gullfoss,"Gullfoss waterfall, Bláskógabyggð, Suðurland, Iceland",Iceland,64.3272,-20.1328
photos/2026-01-15,20260115_114735.jpg,gullfoss,Gullfoss,"Gullfoss waterfall, Bláskógabyggð, Suðurland, Iceland",Iceland,64.3272,-20.1328
photos/2026-01-15,20260115_114917.jpg,gullfoss,Gullfoss,"Gullfoss waterfall, Bláskógabyggð, Suðurland, Iceland",Iceland,64.3272,-20.1328
photos/2026-01-15,20260115_115455.jpg,gullfoss,Gullfoss,"Gullfoss waterfall, Bláskógabyggð, Suðurland, Iceland",Iceland,64.3272,-20.1328
photos/2026-01-15,20260115_115526.jpg,gullfoss,Gullfoss,"Gullfoss waterfall, Bláskógabyggð, Suðurland, Iceland",Iceland,64.3272,-20.1328
photos/2026-01-15,20260115_115532.jpg,gullfoss,Gullfoss,"Gullfoss waterfall, Bláskógabyggð, Suðurland, Iceland",Iceland,64.3272,-20.1328
photos/2026-01-15,20260115_115625.jpg,gullfoss,Gullfoss,"Gullfoss waterfall, Bláskógabyggð, Suðurland, Iceland",Iceland,64.3272,-20.1328
photos/2026-01-15,20260115_120147.jpg,gullfoss,Gullfoss,"Gullfoss waterfall, Bláskógabyggð, Suðurland, Iceland",Iceland,64.3272,-20.1328
photos/2026-01-15,20260115_120157.jpg,gullfoss,Gullfoss,"Gullfoss waterfall, Bláskógabyggð, Suðurland, Iceland",Iceland,64.3272,-20.1328
photos/2026-01-15,20260115_120217.jpg,gullfoss,Gullfoss,"Gullfoss waterfall, Bláskógabyggð, Suðurland, Iceland",Iceland,64.3272,-20.1328
photos/2026-01-15,20260115_120715.jpg,gullfoss,Gullfoss,"Gullfoss waterfall, Bláskógabyggð, Suðurland, Iceland",Iceland,64.3272,-20.1328
photos/2026-01-15,20260115_120720.jpg,gullfoss,Gullfoss,"Gullfoss waterfall, Bláskógabyggð, Suðurland, Iceland",Iceland,64.3272,-20.1328
photos/2026-01-15,20260115_120739.jpg,gullfoss,Gullfoss,"Gullfoss waterfall, Bláskógabyggð, Suðurland, Iceland",Iceland,64.3272,-20.1328
photos/2026-01-15,20260115_120757.jpg,gullfoss,Gullfoss,"Gullfoss waterfall, Bláskógabyggð, Suðurland, Iceland",Iceland,64.3272,-20.1328
photos/2026-01-15,20260115_123805.jpg,geysir,Geysir,"Geysir geothermal field, Haukadalur, Bláskógabyggð, Suðurland, Iceland",Iceland,64.3127,-20.3009
photos/2026-01-15,20260115_123819.mp4,geysir,Geysir,"Geysir geothermal field, Haukadalur, Bláskógabyggð, Suðurland, Iceland",Iceland,64.3127,-20.3009
photos/2026-01-15,20260115_124006.jpg,geysir,Geysir,"Geysir geothermal field, Haukadalur, Bláskógabyggð, Suðurland, Iceland",Iceland,64.3127,-20.3009
photos/2026-01-15,20260115_124014.mp4,geysir,Geysir,"Geysir geothermal field, Haukadalur, Bláskógabyggð, Suðurland, Iceland",Iceland,64.3127,-20.3009
photos/2026-01-15,20260115_124226.mp4,geysir,Geysir,"Geysir geothermal field, Haukadalur, Bláskógabyggð, Suðurland, Iceland",Iceland,64.3127,-20.3009
photos/2026-01-15,20260115_124815.mp4,geysir,Geysir,"Geysir geothermal field, Haukadalur, Bláskógabyggð, Suðurland, Iceland",Iceland,64.3127,-20.3009
photos/2026-01-15,20260115_143917.jpg,thingvellir,Þingvellir,"Þingvellir National Park, Bláskógabyggð, Suðurland, Iceland",Iceland,64.2553,-21.1254
photos/2026-01-15,20260115_143937.jpg,thingvellir,Þingvellir,"Þingvellir National Park, Bláskógabyggð, Suðurland, Iceland",Iceland,64.2553,-21.1254
photos/2026-01-15,20260115_143948.jpg,thingvellir,Þingvellir,"Þingvellir National Park, Bláskógabyggð, Suðurland, Iceland",Iceland,64.2553,-21.1254
photos/2026-01-15,20260115_144149.jpg,thingvellir,Þingvellir,"Þingvellir National Park, Bláskógabyggð, Suðurland, Iceland",Iceland,64.2553,-21.1254
photos/2026-01-15,20260115_144804.jpg,thingvellir,Þingvellir,"Þingvellir National Park, Bláskógabyggð, Suðurland, Iceland",Iceland,64.2553,-21.1254
photos/2026-01-15,20260115_144821.jpg,thingvellir,Þingvellir,"Þingvellir National Park, Bláskógabyggð, Suðurland, Iceland",Iceland,64.2553,-21.1254
photos/2026-01-15,20260115_144841.jpg,thingvellir,Þingvellir,"Þingvellir National Park, Bláskógabyggð, Suðurland, Iceland",Iceland,64.2553,-21.1254
photos/2026-01-15,20260115_145003.jpg,thingvellir,Þingvellir,"Þingvellir National Park, Bláskógabyggð, Suðurland, Iceland",Iceland,64.2553,-21.1254
photos/2026-01-15,20260115_145144.jpg,thingvellir,Þingvellir,"Þingvellir National Park, Bláskógabyggð, Suðurland, Iceland",Iceland,64.2553,-21.1254
photos/2026-01-15,20260115_145211.jpg,thingvellir,Þingvellir,"Þingvellir National Park, Bláskógabyggð, Suðurland, Iceland",Iceland,64.2553,-21.1254
photos/2026-01-15,20260115_145306.jpg,thingvellir,Þingvellir,"Þingvellir National Park, Bláskógabyggð, Suðurland, Iceland",Iceland,64.2553,-21.1254
photos/2026-01-15,20260115_145321.jpg,thingvellir,Þingvellir,"Þingvellir National Park, Bláskógabyggð, Suðurland, Iceland",Iceland,64.2553,-21.1254
photos/2026-01-15,20260115_151445.jpg,thingvellir,Þingvellir,"Þingvellir National Park, Bláskógabyggð, Suðurland, Iceland",Iceland,64.2553,-21.1254
photos/2026-01-15,20260115_151639.jpg,thingvellir,Þingvellir,"Þingvellir National Park, Bláskógabyggð, Suðurland, Iceland",Iceland,64.2553,-21.1254
photos/2026-01-15,20260115_151826.jpg,thingvellir,Þingvellir,"Þingvellir National Park, Bláskógabyggð, Suðurland, Iceland",Iceland,64.2553,-21.1254
photos/2026-01-15,20260115_151838.jpg,thingvellir,Þingvellir,"Þingvellir National Park, Bláskógabyggð, Suðurland, Iceland",Iceland,64.2553,-21.1254
photos/2026-01-15,20260115_152155.jpg,thingvellir,Þingvellir,"Þingvellir National Park, Bláskógabyggð, Suðurland, Iceland",Iceland,64.2553,-21.1254
photos/2026-01-15,20260115_152929.jpg,thingvellir,Þingvellir,"Þingvellir National Park, Bláskógabyggð, Suðurland, Iceland",Iceland,64.2553,-21.1254
photos/2026-01-15,20260115_152939.jpg,thingvellir,Þingvellir,"Þingvellir National Park, Bláskógabyggð, Suðurland, Iceland",Iceland,64.2553,-21.1254
photos/2026-01-15,20260115_153000.jpg,thingvellir,Þingvellir,"Þingvellir National Park, Bláskógabyggð, Suðurland, Iceland",Iceland,64.2553,-21.1254
photos/2026-01-15,20260115_153054.jpg,thingvellir,Þingvellir,"Þingvellir National Park, Bláskógabyggð, Suðurland, Iceland",Iceland,64.2553,-21.1254
photos/2026-01-15,20260115_153204.jpg,thingvellir,Þingvellir,"Þingvellir National Park, Bláskógabyggð, Suðurland, Iceland",Iceland,64.2553,-21.1254
photos/2026-01-15,IMG-20260115-WA0000.jpg,golden_circle_tectonic_exhibit,Suðurlandsvegur,"Indoor tectonic-plate boundary exhibit, Golden Circle route, Suðurland, Iceland",Iceland,,
photos/2026-01-15,IMG-20260115-WA0002.jpg,thingvellir,Þingvellir,"Þingvellir National Park, Bláskógabyggð, Suðurland, Iceland",Iceland,64.2553,-21.1254
photos/2026-01-15,Screenshot_20260115_145435_Maps.jpg,laugarvatn,Laugarvatn,"Near Laugarvatn, Bláskógabyggð, Suðurland, Iceland",Iceland,64.2145,-20.7332
photos/2026-01-16,20260116_140254.jpg,(none),,,,,
photos/2026-01-16,20260116_140309.jpg,(none),,,,,
photos/2026-01-16,20260116_140443.jpg,(none),,,,,
photos/2026-01-16,20260116_152915.jpg,(none),,,,,
photos/2026-01-17,20260117_102654.jpg,kiruna_generic,Kiruna,"Near Kiruna, Norrbotten, Sweden",Sweden,67.8558,20.2253
photos/2026-01-17,20260117_110505.jpg,kiruna_generic,Kiruna,"Near Kiruna, Norrbotten, Sweden",Sweden,67.8558,20.2253
photos/2026-01-17,20260117_111530.jpg,kiruna_airport,Kiruna Airport,"Kiruna Airport (KRN), Kiruna, Norrbotten, Sweden",Sweden,67.8219,20.3364
photos/2026-01-17,20260117_111933.jpg,kiruna_airport,Kiruna Airport,"Kiruna Airport (KRN), Kiruna, Norrbotten, Sweden",Sweden,67.8219,20.3364
photos/2026-01-17,20260117_120614.jpg,kiruna_downtown,Kiruna,"Downtown Kiruna, Norrbotten, Sweden",Sweden,67.8558,20.2253
photos/2026-01-17,20260117_185524.jpg,kiruna_generic,Kiruna,"Near Kiruna, Norrbotten, Sweden",Sweden,67.8558,20.2253
photos/2026-01-17,20260117_185529.jpg,kiruna_generic,Kiruna,"Near Kiruna, Norrbotten, Sweden",Sweden,67.8558,20.2253
photos/2026-01-17,20260117_185553.jpg,kiruna_generic,Kiruna,"Near Kiruna, Norrbotten, Sweden",Sweden,67.8558,20.2253
photos/2026-01-17,20260117_185629.jpg,kiruna_generic,Kiruna,"Near Kiruna, Norrbotten, Sweden",Sweden,67.8558,20.2253
photos/2026-01-17,20260117_191458.jpg,kiruna_generic,Kiruna,"Near Kiruna, Norrbotten, Sweden",Sweden,67.8558,20.2253
photos/2026-01-17,20260117_191524.jpg,kiruna_generic,Kiruna,"Near Kiruna, Norrbotten, Sweden",Sweden,67.8558,20.2253
photos/2026-01-17,20260117_191534.jpg,kiruna_generic,Kiruna,"Near Kiruna, Norrbotten, Sweden",Sweden,67.8558,20.2253
photos/2026-01-17,20260117_191552.jpg,kiruna_generic,Kiruna,"Near Kiruna, Norrbotten, Sweden",Sweden,67.8558,20.2253
photos/2026-01-17,20260117_191653.jpg,kiruna_generic,Kiruna,"Near Kiruna, Norrbotten, Sweden",Sweden,67.8558,20.2253
photos/2026-01-17,20260117_191723.jpg,kiruna_generic,Kiruna,"Near Kiruna, Norrbotten, Sweden",Sweden,67.8558,20.2253
photos/2026-01-17,20260117_193946.jpg,kiruna_generic,Kiruna,"Near Kiruna, Norrbotten, Sweden",Sweden,67.8558,20.2253
photos/2026-01-17,20260117_194115.jpg,kiruna_generic,Kiruna,"Near Kiruna, Norrbotten, Sweden",Sweden,67.8558,20.2253
photos/2026-01-17,20260117_194206.jpg,kiruna_generic,Kiruna,"Near Kiruna, Norrbotten, Sweden",Sweden,67.8558,20.2253
photos/2026-01-17,20260117_194635.jpg,kiruna_generic,Kiruna,"Near Kiruna, Norrbotten, Sweden",Sweden,67.8558,20.2253
photos/2026-01-17,20260117_194648.jpg,kiruna_generic,Kiruna,"Near Kiruna, Norrbotten, Sweden",Sweden,67.8558,20.2253
photos/2026-01-17,20260117_194838.jpg,kiruna_generic,Kiruna,"Near Kiruna, Norrbotten, Sweden",Sweden,67.8558,20.2253
photos/2026-01-17,20260117_195013.jpg,kiruna_generic,Kiruna,"Near Kiruna, Norrbotten, Sweden",Sweden,67.8558,20.2253
photos/2026-01-17,20260117_195308.jpg,kiruna_generic,Kiruna,"Near Kiruna, Norrbotten, Sweden",Sweden,67.8558,20.2253
photos/2026-01-17,20260117_201707.jpg,kiruna_generic,Kiruna,"Near Kiruna, Norrbotten, Sweden",Sweden,67.8558,20.2253
photos/2026-01-17,20260117_201835.jpg,kiruna_generic,Kiruna,"Near Kiruna, Norrbotten, Sweden",Sweden,67.8558,20.2253
photos/2026-01-17,20260117_201927.jpg,kiruna_generic,Kiruna,"Near Kiruna, Norrbotten, Sweden",Sweden,67.8558,20.2253
photos/2026-01-17,20260117_202029.jpg,kiruna_generic,Kiruna,"Near Kiruna, Norrbotten, Sweden",Sweden,67.8558,20.2253
photos/2026-01-17,20260117_202056.jpg,kiruna_generic,Kiruna,"Near Kiruna, Norrbotten, Sweden",Sweden,67.8558,20.2253
photos/2026-01-17,20260117_202656.jpg,kiruna_generic,Kiruna,"Near Kiruna, Norrbotten, Sweden",Sweden,67.8558,20.2253
photos/2026-01-17,20260117_211044.jpg,kiruna_generic,Kiruna,"Near Kiruna, Norrbotten, Sweden",Sweden,67.8558,20.2253
photos/2026-01-17,20260117_220259.jpg,kiruna_generic,Kiruna,"Near Kiruna, Norrbotten, Sweden",Sweden,67.8558,20.2253
photos/2026-01-17,Screenshot_20260117_111338_Maps.jpg,kiruna_generic,Kiruna,"Near Kiruna, Norrbotten, Sweden",Sweden,67.8558,20.2253
photos/2026-01-17,Screenshot_20260117_201817_Maps.jpg,kiruna_generic,Kiruna,"Near Kiruna, Norrbotten, Sweden",Sweden,67.8558,20.2253
photos/2026-01-18,20260118_172512.jpg,abisko_generic,Abisko,"Abisko National Park, Norrbotten, Sweden",Sweden,68.3554,18.7831
photos/2026-01-18,20260118_172547.jpg,abisko_generic,Abisko,"Abisko National Park, Norrbotten, Sweden",Sweden,68.3554,18.7831
photos/2026-01-18,20260118_172605.jpg,abisko_lake,Lake Torneträsk,"Lake Torneträsk, Abisko National Park, Norrbotten, Sweden",Sweden,68.36,18.78
photos/2026-01-18,20260118_172638.jpg,abisko_generic,Abisko,"Abisko National Park, Norrbotten, Sweden",Sweden,68.3554,18.7831
photos/2026-01-18,20260118_174226.jpg,abisko_generic,Abisko,"Abisko National Park, Norrbotten, Sweden",Sweden,68.3554,18.7831
photos/2026-01-18,20260118_174721.jpg,abisko_lake,Lake Torneträsk,"Lake Torneträsk, Abisko National Park, Norrbotten, Sweden",Sweden,68.36,18.78
photos/2026-01-18,20260118_174743.jpg,abisko_generic,Abisko,"Abisko National Park, Norrbotten, Sweden",Sweden,68.3554,18.7831
photos/2026-01-18,20260118_181625-EDIT.jpg,abisko_sky_station,Aurora Sky Station,"Aurora Sky Station, Mount Nuolja, Abisko, Norrbotten, Sweden",Sweden,68.3546,18.7894
photos/2026-01-18,20260118_185131.jpg,abisko_sky_station,Aurora Sky Station,"Aurora Sky Station, Mount Nuolja, Abisko, Norrbotten, Sweden",Sweden,68.3546,18.7894
photos/2026-01-18,20260118_193718.jpg,abisko_sky_station,Aurora Sky Station,"Aurora Sky Station, Mount Nuolja, Abisko, Norrbotten, Sweden",Sweden,68.3546,18.7894
photos/2026-01-18,20260118_193740.jpg,abisko_generic,Abisko,"Abisko National Park, Norrbotten, Sweden",Sweden,68.3554,18.7831
photos/2026-01-18,20260118_193809.jpg,abisko_generic,Abisko,"Abisko National Park, Norrbotten, Sweden",Sweden,68.3554,18.7831
photos/2026-01-18,20260118_193820.jpg,abisko_generic,Abisko,"Abisko National Park, Norrbotten, Sweden",Sweden,68.3554,18.7831
photos/2026-01-18,20260118_194003.jpg,abisko_generic,Abisko,"Abisko National Park, Norrbotten, Sweden",Sweden,68.3554,18.7831
photos/2026-01-18,20260118_194021.jpg,abisko_sky_station,Aurora Sky Station,"Aurora Sky Station, Mount Nuolja, Abisko, Norrbotten, Sweden",Sweden,68.3546,18.7894
photos/2026-01-18,20260118_194041.jpg,abisko_generic,Abisko,"Abisko National Park, Norrbotten, Sweden",Sweden,68.3554,18.7831
photos/2026-01-18,20260118_201852.jpg,abisko_sky_station,Aurora Sky Station,"Aurora Sky Station, Mount Nuolja, Abisko, Norrbotten, Sweden",Sweden,68.3546,18.7894
photos/2026-01-18,20260118_201909.jpg,abisko_sky_station,Aurora Sky Station,"Aurora Sky Station, Mount Nuolja, Abisko, Norrbotten, Sweden",Sweden,68.3546,18.7894
photos/2026-01-18,20260118_201928.jpg,abisko_generic,Abisko,"Abisko National Park, Norrbotten, Sweden",Sweden,68.3554,18.7831
photos/2026-01-18,20260118_202124.jpg,abisko_sky_station,Aurora Sky Station,"Aurora Sky Station, Mount Nuolja, Abisko, Norrbotten, Sweden",Sweden,68.3546,18.7894
photos/2026-01-18,20260118_202323.jpg,abisko_sky_station,Aurora Sky Station,"Aurora Sky Station, Mount Nuolja, Abisko, Norrbotten, Sweden",Sweden,68.3546,18.7894
photos/2026-01-18,20260118_202432.jpg,abisko_sky_station,Aurora Sky Station,"Aurora Sky Station, Mount Nuolja, Abisko, Norrbotten, Sweden",Sweden,68.3546,18.7894
photos/2026-01-18,20260118_202552.jpg,abisko_sky_station,Aurora Sky Station,"Aurora Sky Station, Mount Nuolja, Abisko, Norrbotten, Sweden",Sweden,68.3546,18.7894
photos/2026-01-18,20260118_205833.jpg,abisko_sky_station,Aurora Sky Station,"Aurora Sky Station, Mount Nuolja, Abisko, Norrbotten, Sweden",Sweden,68.3546,18.7894
photos/2026-01-18,20260118_214843.jpg,abisko_generic,Abisko,"Abisko National Park, Norrbotten, Sweden",Sweden,68.3554,18.7831
photos/2026-01-18,20260118_214926.jpg,abisko_sky_station,Aurora Sky Station,"Aurora Sky Station, Mount Nuolja, Abisko, Norrbotten, Sweden",Sweden,68.3546,18.7894
photos/2026-01-18,20260118_215006.jpg,abisko_sky_station,Aurora Sky Station,"Aurora Sky Station, Mount Nuolja, Abisko, Norrbotten, Sweden",Sweden,68.3546,18.7894
photos/2026-01-18,20260118_215056.jpg,abisko_generic,Abisko,"Abisko National Park, Norrbotten, Sweden",Sweden,68.3554,18.7831
photos/2026-01-18,20260118_215126.jpg,abisko_sky_station,Aurora Sky Station,"Aurora Sky Station, Mount Nuolja, Abisko, Norrbotten, Sweden",Sweden,68.3546,18.7894
photos/2026-01-18,20260118_215155.jpg,abisko_generic,Abisko,"Abisko National Park, Norrbotten, Sweden",Sweden,68.3554,18.7831
photos/2026-01-18,20260118_215238.jpg,abisko_sky_station,Aurora Sky Station,"Aurora Sky Station, Mount Nuolja, Abisko, Norrbotten, Sweden",Sweden,68.3546,18.7894
photos/2026-01-18,20260118_215310.jpg,abisko_generic,Abisko,"Abisko National Park, Norrbotten, Sweden",Sweden,68.3554,18.7831
photos/2026-01-18,20260118_215440.jpg,abisko_sky_station,Aurora Sky Station,"Aurora Sky Station, Mount Nuolja, Abisko, Norrbotten, Sweden",Sweden,68.3546,18.7894
photos/2026-01-18,20260118_215832.jpg,abisko_sky_station,Aurora Sky Station,"Aurora Sky Station, Mount Nuolja, Abisko, Norrbotten, Sweden",Sweden,68.3546,18.7894
photos/2026-01-18,20260118_215952.jpg,abisko_sky_station,Aurora Sky Station,"Aurora Sky Station, Mount Nuolja, Abisko, Norrbotten, Sweden",Sweden,68.3546,18.7894
photos/2026-01-18,20260118_220032.jpg,abisko_sky_station,Aurora Sky Station,"Aurora Sky Station, Mount Nuolja, Abisko, Norrbotten, Sweden",Sweden,68.3546,18.7894
photos/2026-01-18,20260118_220310.jpg,abisko_generic,Abisko,"Abisko National Park, Norrbotten, Sweden",Sweden,68.3554,18.7831
photos/2026-01-18,20260118_220318.jpg,abisko_sky_station,Aurora Sky Station,"Aurora Sky Station, Mount Nuolja, Abisko, Norrbotten, Sweden",Sweden,68.3546,18.7894
photos/2026-01-18,20260118_221651.jpg,abisko_sky_station,Aurora Sky Station,"Aurora Sky Station, Mount Nuolja, Abisko, Norrbotten, Sweden",Sweden,68.3546,18.7894
photos/2026-01-18,20260118_221718.jpg,abisko_sky_station,Aurora Sky Station,"Aurora Sky Station, Mount Nuolja, Abisko, Norrbotten, Sweden",Sweden,68.3546,18.7894
photos/2026-01-18,20260118_221747.jpg,abisko_sky_station,Aurora Sky Station,"Aurora Sky Station, Mount Nuolja, Abisko, Norrbotten, Sweden",Sweden,68.3546,18.7894
photos/2026-01-18,20260118_221806.jpg,abisko_sky_station,Aurora Sky Station,"Aurora Sky Station, Mount Nuolja, Abisko, Norrbotten, Sweden",Sweden,68.3546,18.7894
photos/2026-01-18,20260118_221902.jpg,abisko_generic,Abisko,"Abisko National Park, Norrbotten, Sweden",Sweden,68.3554,18.7831
photos/2026-01-18,20260118_222632.jpg,abisko_sky_station,Aurora Sky Station,"Aurora Sky Station, Mount Nuolja, Abisko, Norrbotten, Sweden",Sweden,68.3546,18.7894
photos/2026-01-18,20260118_222651.jpg,abisko_sky_station,Aurora Sky Station,"Aurora Sky Station, Mount Nuolja, Abisko, Norrbotten, Sweden",Sweden,68.3546,18.7894
photos/2026-01-18,20260118_222713.jpg,abisko_sky_station,Aurora Sky Station,"Aurora Sky Station, Mount Nuolja, Abisko, Norrbotten, Sweden",Sweden,68.3546,18.7894
photos/2026-01-18,20260118_223349.jpg,abisko_sky_station,Aurora Sky Station,"Aurora Sky Station, Mount Nuolja, Abisko, Norrbotten, Sweden",Sweden,68.3546,18.7894
photos/2026-01-18,20260118_223423.jpg,abisko_sky_station,Aurora Sky Station,"Aurora Sky Station, Mount Nuolja, Abisko, Norrbotten, Sweden",Sweden,68.3546,18.7894
photos/2026-01-18,20260118_223506.jpg,abisko_sky_station,Aurora Sky Station,"Aurora Sky Station, Mount Nuolja, Abisko, Norrbotten, Sweden",Sweden,68.3546,18.7894
photos/2026-01-18,20260118_223525.jpg,abisko_sky_station,Aurora Sky Station,"Aurora Sky Station, Mount Nuolja, Abisko, Norrbotten, Sweden",Sweden,68.3546,18.7894
photos/2026-01-18,20260118_223533.jpg,abisko_sky_station,Aurora Sky Station,"Aurora Sky Station, Mount Nuolja, Abisko, Norrbotten, Sweden",Sweden,68.3546,18.7894
photos/2026-01-18,20260118_223809.jpg,abisko_sky_station,Aurora Sky Station,"Aurora Sky Station, Mount Nuolja, Abisko, Norrbotten, Sweden",Sweden,68.3546,18.7894
photos/2026-01-18,20260118_225934.jpg,abisko_sky_station,Aurora Sky Station,"Aurora Sky Station, Mount Nuolja, Abisko, Norrbotten, Sweden",Sweden,68.3546,18.7894
photos/2026-01-18,20260118_230006.jpg,abisko_sky_station,Aurora Sky Station,"Aurora Sky Station, Mount Nuolja, Abisko, Norrbotten, Sweden",Sweden,68.3546,18.7894
photos/2026-01-18,20260118_230042.jpg,abisko_sky_station,Aurora Sky Station,"Aurora Sky Station, Mount Nuolja, Abisko, Norrbotten, Sweden",Sweden,68.3546,18.7894
photos/2026-01-18,20260118_230100.jpg,abisko_sky_station,Aurora Sky Station,"Aurora Sky Station, Mount Nuolja, Abisko, Norrbotten, Sweden",Sweden,68.3546,18.7894
photos/2026-01-18,20260118_231103.jpg,abisko_sky_station,Aurora Sky Station,"Aurora Sky Station, Mount Nuolja, Abisko, Norrbotten, Sweden",Sweden,68.3546,18.7894
photos/2026-01-18,20260118_231215.jpg,abisko_sky_station,Aurora Sky Station,"Aurora Sky Station, Mount Nuolja, Abisko, Norrbotten, Sweden",Sweden,68.3546,18.7894
photos/2026-01-18,20260118_231227.jpg,abisko_sky_station,Aurora Sky Station,"Aurora Sky Station, Mount Nuolja, Abisko, Norrbotten, Sweden",Sweden,68.3546,18.7894
photos/2026-01-18,20260118_231242.jpg,abisko_sky_station,Aurora Sky Station,"Aurora Sky Station, Mount Nuolja, Abisko, Norrbotten, Sweden",Sweden,68.3546,18.7894
photos/2026-01-18,20260118_231259.jpg,abisko_sky_station,Aurora Sky Station,"Aurora Sky Station, Mount Nuolja, Abisko, Norrbotten, Sweden",Sweden,68.3546,18.7894
photos/2026-01-18,IMG-20260118-WA0015.jpg,abisko_generic,Abisko,"Abisko National Park, Norrbotten, Sweden",Sweden,68.3554,18.7831
photos/2026-01-18,Screenshot_20260118_163811_Maps.jpg,abisko_lake,Lake Torneträsk,"Lake Torneträsk, Abisko National Park, Norrbotten, Sweden",Sweden,68.36,18.78
photos/2026-01-18,Screenshot_20260118_163852_Maps.jpg,abisko_sky_station,Aurora Sky Station,"Aurora Sky Station, Mount Nuolja, Abisko, Norrbotten, Sweden",Sweden,68.3546,18.7894
photos/2026-01-19,20260119_162222-EDIT(1).jpg,jukkasjarvi_icehotel,ICEHOTEL,"ICEHOTEL, Marknadsvägen, Jukkasjärvi, Norrbotten, Sweden",Sweden,67.8498,20.595
photos/2026-01-19,20260119_162222-EDIT.jpg,jukkasjarvi_icehotel,ICEHOTEL,"ICEHOTEL, Marknadsvägen, Jukkasjärvi, Norrbotten, Sweden",Sweden,67.8498,20.595
photos/2026-01-19,20260119_162440.jpg,jukkasjarvi_icehotel,ICEHOTEL,"ICEHOTEL, Marknadsvägen, Jukkasjärvi, Norrbotten, Sweden",Sweden,67.8498,20.595
photos/2026-01-19,20260119_162509.jpg,jukkasjarvi_icehotel,ICEHOTEL,"ICEHOTEL, Marknadsvägen, Jukkasjärvi, Norrbotten, Sweden",Sweden,67.8498,20.595
photos/2026-01-19,20260119_163045.jpg,jukkasjarvi_icehotel,ICEHOTEL,"ICEHOTEL, Marknadsvägen, Jukkasjärvi, Norrbotten, Sweden",Sweden,67.8498,20.595
photos/2026-01-19,20260119_163252.jpg,jukkasjarvi_icehotel,ICEHOTEL,"ICEHOTEL, Marknadsvägen, Jukkasjärvi, Norrbotten, Sweden",Sweden,67.8498,20.595
photos/2026-01-19,20260119_163306.jpg,jukkasjarvi_icehotel,ICEHOTEL,"ICEHOTEL, Marknadsvägen, Jukkasjärvi, Norrbotten, Sweden",Sweden,67.8498,20.595
photos/2026-01-19,20260119_163338.jpg,jukkasjarvi_icehotel,ICEHOTEL,"ICEHOTEL, Marknadsvägen, Jukkasjärvi, Norrbotten, Sweden",Sweden,67.8498,20.595
photos/2026-01-19,20260119_163427.jpg,jukkasjarvi_icehotel,ICEHOTEL,"ICEHOTEL, Marknadsvägen, Jukkasjärvi, Norrbotten, Sweden",Sweden,67.8498,20.595
photos/2026-01-19,20260119_163441.jpg,jukkasjarvi_icehotel,ICEHOTEL,"ICEHOTEL, Marknadsvägen, Jukkasjärvi, Norrbotten, Sweden",Sweden,67.8498,20.595
photos/2026-01-19,20260119_163444.jpg,jukkasjarvi_icehotel,ICEHOTEL,"ICEHOTEL, Marknadsvägen, Jukkasjärvi, Norrbotten, Sweden",Sweden,67.8498,20.595
photos/2026-01-19,20260119_163512.jpg,jukkasjarvi_icehotel,ICEHOTEL,"ICEHOTEL, Marknadsvägen, Jukkasjärvi, Norrbotten, Sweden",Sweden,67.8498,20.595
photos/2026-01-19,20260119_163522.jpg,jukkasjarvi_icehotel,ICEHOTEL,"ICEHOTEL, Marknadsvägen, Jukkasjärvi, Norrbotten, Sweden",Sweden,67.8498,20.595
photos/2026-01-19,20260119_163605.jpg,jukkasjarvi_icehotel,ICEHOTEL,"ICEHOTEL, Marknadsvägen, Jukkasjärvi, Norrbotten, Sweden",Sweden,67.8498,20.595
photos/2026-01-19,20260119_163656.jpg,jukkasjarvi_icehotel,ICEHOTEL,"ICEHOTEL, Marknadsvägen, Jukkasjärvi, Norrbotten, Sweden",Sweden,67.8498,20.595
photos/2026-01-19,20260119_163934.jpg,jukkasjarvi_icehotel,ICEHOTEL,"ICEHOTEL, Marknadsvägen, Jukkasjärvi, Norrbotten, Sweden",Sweden,67.8498,20.595
photos/2026-01-19,20260119_164005.jpg,jukkasjarvi_icehotel,ICEHOTEL,"ICEHOTEL, Marknadsvägen, Jukkasjärvi, Norrbotten, Sweden",Sweden,67.8498,20.595
photos/2026-01-19,20260119_164015.jpg,jukkasjarvi_icehotel,ICEHOTEL,"ICEHOTEL, Marknadsvägen, Jukkasjärvi, Norrbotten, Sweden",Sweden,67.8498,20.595
photos/2026-01-19,20260119_164047.jpg,jukkasjarvi_icehotel,ICEHOTEL,"ICEHOTEL, Marknadsvägen, Jukkasjärvi, Norrbotten, Sweden",Sweden,67.8498,20.595
photos/2026-01-19,20260119_164236.jpg,jukkasjarvi_icehotel,ICEHOTEL,"ICEHOTEL, Marknadsvägen, Jukkasjärvi, Norrbotten, Sweden",Sweden,67.8498,20.595
photos/2026-01-19,20260119_164450.jpg,jukkasjarvi_icehotel,ICEHOTEL,"ICEHOTEL, Marknadsvägen, Jukkasjärvi, Norrbotten, Sweden",Sweden,67.8498,20.595
photos/2026-01-19,20260119_164526.jpg,jukkasjarvi_icehotel,ICEHOTEL,"ICEHOTEL, Marknadsvägen, Jukkasjärvi, Norrbotten, Sweden",Sweden,67.8498,20.595
photos/2026-01-19,20260119_164529.jpg,jukkasjarvi_icehotel,ICEHOTEL,"ICEHOTEL, Marknadsvägen, Jukkasjärvi, Norrbotten, Sweden",Sweden,67.8498,20.595
photos/2026-01-19,20260119_164648.jpg,jukkasjarvi_icehotel,ICEHOTEL,"ICEHOTEL, Marknadsvägen, Jukkasjärvi, Norrbotten, Sweden",Sweden,67.8498,20.595
photos/2026-01-19,20260119_164654.jpg,jukkasjarvi_icehotel,ICEHOTEL,"ICEHOTEL, Marknadsvägen, Jukkasjärvi, Norrbotten, Sweden",Sweden,67.8498,20.595
photos/2026-01-19,20260119_164943.jpg,jukkasjarvi_icehotel,ICEHOTEL,"ICEHOTEL, Marknadsvägen, Jukkasjärvi, Norrbotten, Sweden",Sweden,67.8498,20.595
photos/2026-01-19,20260119_165000.jpg,jukkasjarvi_icehotel,ICEHOTEL,"ICEHOTEL, Marknadsvägen, Jukkasjärvi, Norrbotten, Sweden",Sweden,67.8498,20.595
photos/2026-01-19,20260119_165007.jpg,jukkasjarvi_icehotel,ICEHOTEL,"ICEHOTEL, Marknadsvägen, Jukkasjärvi, Norrbotten, Sweden",Sweden,67.8498,20.595
photos/2026-01-19,20260119_165108.jpg,jukkasjarvi_icehotel,ICEHOTEL,"ICEHOTEL, Marknadsvägen, Jukkasjärvi, Norrbotten, Sweden",Sweden,67.8498,20.595
photos/2026-01-19,20260119_165157.jpg,jukkasjarvi_icehotel,ICEHOTEL,"ICEHOTEL, Marknadsvägen, Jukkasjärvi, Norrbotten, Sweden",Sweden,67.8498,20.595
photos/2026-01-19,20260119_165208.jpg,jukkasjarvi_icehotel,ICEHOTEL,"ICEHOTEL, Marknadsvägen, Jukkasjärvi, Norrbotten, Sweden",Sweden,67.8498,20.595
photos/2026-01-19,20260119_165221.jpg,jukkasjarvi_icehotel,ICEHOTEL,"ICEHOTEL, Marknadsvägen, Jukkasjärvi, Norrbotten, Sweden",Sweden,67.8498,20.595
photos/2026-01-19,20260119_165229.jpg,jukkasjarvi_icehotel,ICEHOTEL,"ICEHOTEL, Marknadsvägen, Jukkasjärvi, Norrbotten, Sweden",Sweden,67.8498,20.595
photos/2026-01-19,20260119_165252.jpg,jukkasjarvi_icehotel,ICEHOTEL,"ICEHOTEL, Marknadsvägen, Jukkasjärvi, Norrbotten, Sweden",Sweden,67.8498,20.595
photos/2026-01-19,20260119_165340.jpg,jukkasjarvi_icehotel,ICEHOTEL,"ICEHOTEL, Marknadsvägen, Jukkasjärvi, Norrbotten, Sweden",Sweden,67.8498,20.595
photos/2026-01-19,20260119_165342.jpg,jukkasjarvi_icehotel,ICEHOTEL,"ICEHOTEL, Marknadsvägen, Jukkasjärvi, Norrbotten, Sweden",Sweden,67.8498,20.595
photos/2026-01-19,20260119_165355.jpg,jukkasjarvi_icehotel,ICEHOTEL,"ICEHOTEL, Marknadsvägen, Jukkasjärvi, Norrbotten, Sweden",Sweden,67.8498,20.595
photos/2026-01-19,20260119_165408.jpg,jukkasjarvi_icehotel,ICEHOTEL,"ICEHOTEL, Marknadsvägen, Jukkasjärvi, Norrbotten, Sweden",Sweden,67.8498,20.595
photos/2026-01-19,20260119_165455.jpg,jukkasjarvi_icehotel,ICEHOTEL,"ICEHOTEL, Marknadsvägen, Jukkasjärvi, Norrbotten, Sweden",Sweden,67.8498,20.595
photos/2026-01-19,20260119_165520.jpg,jukkasjarvi_icehotel,ICEHOTEL,"ICEHOTEL, Marknadsvägen, Jukkasjärvi, Norrbotten, Sweden",Sweden,67.8498,20.595
photos/2026-01-19,20260119_165534.jpg,jukkasjarvi_icehotel,ICEHOTEL,"ICEHOTEL, Marknadsvägen, Jukkasjärvi, Norrbotten, Sweden",Sweden,67.8498,20.595
photos/2026-01-19,20260119_165604.jpg,jukkasjarvi_icehotel,ICEHOTEL,"ICEHOTEL, Marknadsvägen, Jukkasjärvi, Norrbotten, Sweden",Sweden,67.8498,20.595
photos/2026-01-19,20260119_165632.jpg,jukkasjarvi_icehotel,ICEHOTEL,"ICEHOTEL, Marknadsvägen, Jukkasjärvi, Norrbotten, Sweden",Sweden,67.8498,20.595
photos/2026-01-19,20260119_165646.jpg,jukkasjarvi_icehotel,ICEHOTEL,"ICEHOTEL, Marknadsvägen, Jukkasjärvi, Norrbotten, Sweden",Sweden,67.8498,20.595
photos/2026-01-19,20260119_165702.jpg,jukkasjarvi_icehotel,ICEHOTEL,"ICEHOTEL, Marknadsvägen, Jukkasjärvi, Norrbotten, Sweden",Sweden,67.8498,20.595
photos/2026-01-19,20260119_165712.jpg,jukkasjarvi_icehotel,ICEHOTEL,"ICEHOTEL, Marknadsvägen, Jukkasjärvi, Norrbotten, Sweden",Sweden,67.8498,20.595
photos/2026-01-19,20260119_165724.jpg,jukkasjarvi_icehotel,ICEHOTEL,"ICEHOTEL, Marknadsvägen, Jukkasjärvi, Norrbotten, Sweden",Sweden,67.8498,20.595
photos/2026-01-19,20260119_165835.jpg,jukkasjarvi_icehotel,ICEHOTEL,"ICEHOTEL, Marknadsvägen, Jukkasjärvi, Norrbotten, Sweden",Sweden,67.8498,20.595
photos/2026-01-19,20260119_165850.jpg,jukkasjarvi_icehotel,ICEHOTEL,"ICEHOTEL, Marknadsvägen, Jukkasjärvi, Norrbotten, Sweden",Sweden,67.8498,20.595
photos/2026-01-19,20260119_165856.jpg,jukkasjarvi_icehotel,ICEHOTEL,"ICEHOTEL, Marknadsvägen, Jukkasjärvi, Norrbotten, Sweden",Sweden,67.8498,20.595
photos/2026-01-19,20260119_170141.jpg,jukkasjarvi_icehotel,ICEHOTEL,"ICEHOTEL, Marknadsvägen, Jukkasjärvi, Norrbotten, Sweden",Sweden,67.8498,20.595
photos/2026-01-19,20260119_170152.jpg,jukkasjarvi_icehotel,ICEHOTEL,"ICEHOTEL, Marknadsvägen, Jukkasjärvi, Norrbotten, Sweden",Sweden,67.8498,20.595
photos/2026-01-19,20260119_170326.jpg,jukkasjarvi_icehotel,ICEHOTEL,"ICEHOTEL, Marknadsvägen, Jukkasjärvi, Norrbotten, Sweden",Sweden,67.8498,20.595
photos/2026-01-19,20260119_170423.jpg,jukkasjarvi_icehotel,ICEHOTEL,"ICEHOTEL, Marknadsvägen, Jukkasjärvi, Norrbotten, Sweden",Sweden,67.8498,20.595
photos/2026-01-19,20260119_170527.jpg,jukkasjarvi_icehotel,ICEHOTEL,"ICEHOTEL, Marknadsvägen, Jukkasjärvi, Norrbotten, Sweden",Sweden,67.8498,20.595
photos/2026-01-19,20260119_170552.jpg,jukkasjarvi_icehotel,ICEHOTEL,"ICEHOTEL, Marknadsvägen, Jukkasjärvi, Norrbotten, Sweden",Sweden,67.8498,20.595
photos/2026-01-19,20260119_170605.jpg,jukkasjarvi_icehotel,ICEHOTEL,"ICEHOTEL, Marknadsvägen, Jukkasjärvi, Norrbotten, Sweden",Sweden,67.8498,20.595
photos/2026-01-19,20260119_170644.jpg,jukkasjarvi_icehotel,ICEHOTEL,"ICEHOTEL, Marknadsvägen, Jukkasjärvi, Norrbotten, Sweden",Sweden,67.8498,20.595
photos/2026-01-19,20260119_170701.jpg,jukkasjarvi_icehotel,ICEHOTEL,"ICEHOTEL, Marknadsvägen, Jukkasjärvi, Norrbotten, Sweden",Sweden,67.8498,20.595
photos/2026-01-19,20260119_170723.jpg,jukkasjarvi_icehotel,ICEHOTEL,"ICEHOTEL, Marknadsvägen, Jukkasjärvi, Norrbotten, Sweden",Sweden,67.8498,20.595
photos/2026-01-19,20260119_170732.jpg,jukkasjarvi_icehotel,ICEHOTEL,"ICEHOTEL, Marknadsvägen, Jukkasjärvi, Norrbotten, Sweden",Sweden,67.8498,20.595
photos/2026-01-19,20260119_170801.jpg,jukkasjarvi_icehotel,ICEHOTEL,"ICEHOTEL, Marknadsvägen, Jukkasjärvi, Norrbotten, Sweden",Sweden,67.8498,20.595
photos/2026-01-19,20260119_170903.jpg,jukkasjarvi_icehotel,ICEHOTEL,"ICEHOTEL, Marknadsvägen, Jukkasjärvi, Norrbotten, Sweden",Sweden,67.8498,20.595
photos/2026-01-19,20260119_171057.jpg,jukkasjarvi_icehotel,ICEHOTEL,"ICEHOTEL, Marknadsvägen, Jukkasjärvi, Norrbotten, Sweden",Sweden,67.8498,20.595
photos/2026-01-19,20260119_171737.jpg,jukkasjarvi_icehotel,ICEHOTEL,"ICEHOTEL, Marknadsvägen, Jukkasjärvi, Norrbotten, Sweden",Sweden,67.8498,20.595
photos/2026-01-19,20260119_171741.jpg,jukkasjarvi_icehotel,ICEHOTEL,"ICEHOTEL, Marknadsvägen, Jukkasjärvi, Norrbotten, Sweden",Sweden,67.8498,20.595
photos/2026-01-19,20260119_171757.jpg,jukkasjarvi_icehotel,ICEHOTEL,"ICEHOTEL, Marknadsvägen, Jukkasjärvi, Norrbotten, Sweden",Sweden,67.8498,20.595
photos/2026-01-19,20260119_171826.jpg,jukkasjarvi_icehotel,ICEHOTEL,"ICEHOTEL, Marknadsvägen, Jukkasjärvi, Norrbotten, Sweden",Sweden,67.8498,20.595
photos/2026-01-19,20260119_171850.jpg,jukkasjarvi_icehotel,ICEHOTEL,"ICEHOTEL, Marknadsvägen, Jukkasjärvi, Norrbotten, Sweden",Sweden,67.8498,20.595
photos/2026-01-19,20260119_171852.jpg,jukkasjarvi_icehotel,ICEHOTEL,"ICEHOTEL, Marknadsvägen, Jukkasjärvi, Norrbotten, Sweden",Sweden,67.8498,20.595
photos/2026-01-19,20260119_171904.jpg,jukkasjarvi_icehotel,ICEHOTEL,"ICEHOTEL, Marknadsvägen, Jukkasjärvi, Norrbotten, Sweden",Sweden,67.8498,20.595
photos/2026-01-19,20260119_171959.jpg,jukkasjarvi_icehotel,ICEHOTEL,"ICEHOTEL, Marknadsvägen, Jukkasjärvi, Norrbotten, Sweden",Sweden,67.8498,20.595
photos/2026-01-19,20260119_172012.jpg,jukkasjarvi_icehotel,ICEHOTEL,"ICEHOTEL, Marknadsvägen, Jukkasjärvi, Norrbotten, Sweden",Sweden,67.8498,20.595
photos/2026-01-19,20260119_172033.jpg,jukkasjarvi_icehotel,ICEHOTEL,"ICEHOTEL, Marknadsvägen, Jukkasjärvi, Norrbotten, Sweden",Sweden,67.8498,20.595
photos/2026-01-19,20260119_172114.jpg,jukkasjarvi_icehotel,ICEHOTEL,"ICEHOTEL, Marknadsvägen, Jukkasjärvi, Norrbotten, Sweden",Sweden,67.8498,20.595
photos/2026-01-19,20260119_172131.jpg,jukkasjarvi_icehotel,ICEHOTEL,"ICEHOTEL, Marknadsvägen, Jukkasjärvi, Norrbotten, Sweden",Sweden,67.8498,20.595
photos/2026-01-19,20260119_172219.jpg,jukkasjarvi_icehotel,ICEHOTEL,"ICEHOTEL, Marknadsvägen, Jukkasjärvi, Norrbotten, Sweden",Sweden,67.8498,20.595
photos/2026-01-19,20260119_172236.jpg,jukkasjarvi_icehotel,ICEHOTEL,"ICEHOTEL, Marknadsvägen, Jukkasjärvi, Norrbotten, Sweden",Sweden,67.8498,20.595
photos/2026-01-19,20260119_172348.jpg,jukkasjarvi_icehotel,ICEHOTEL,"ICEHOTEL, Marknadsvägen, Jukkasjärvi, Norrbotten, Sweden",Sweden,67.8498,20.595
photos/2026-01-19,20260119_172355.jpg,jukkasjarvi_icehotel,ICEHOTEL,"ICEHOTEL, Marknadsvägen, Jukkasjärvi, Norrbotten, Sweden",Sweden,67.8498,20.595
photos/2026-01-19,20260119_172357.jpg,jukkasjarvi_icehotel,ICEHOTEL,"ICEHOTEL, Marknadsvägen, Jukkasjärvi, Norrbotten, Sweden",Sweden,67.8498,20.595
photos/2026-01-19,20260119_172417.jpg,jukkasjarvi_icehotel,ICEHOTEL,"ICEHOTEL, Marknadsvägen, Jukkasjärvi, Norrbotten, Sweden",Sweden,67.8498,20.595
photos/2026-01-19,20260119_172437.jpg,jukkasjarvi_icehotel,ICEHOTEL,"ICEHOTEL, Marknadsvägen, Jukkasjärvi, Norrbotten, Sweden",Sweden,67.8498,20.595
photos/2026-01-19,20260119_172454.jpg,jukkasjarvi_icehotel,ICEHOTEL,"ICEHOTEL, Marknadsvägen, Jukkasjärvi, Norrbotten, Sweden",Sweden,67.8498,20.595
photos/2026-01-19,20260119_172506.jpg,jukkasjarvi_icehotel,ICEHOTEL,"ICEHOTEL, Marknadsvägen, Jukkasjärvi, Norrbotten, Sweden",Sweden,67.8498,20.595
photos/2026-01-19,20260119_172549.jpg,jukkasjarvi_icehotel,ICEHOTEL,"ICEHOTEL, Marknadsvägen, Jukkasjärvi, Norrbotten, Sweden",Sweden,67.8498,20.595
photos/2026-01-19,20260119_172609.jpg,jukkasjarvi_icehotel,ICEHOTEL,"ICEHOTEL, Marknadsvägen, Jukkasjärvi, Norrbotten, Sweden",Sweden,67.8498,20.595
photos/2026-01-19,20260119_172629.jpg,jukkasjarvi_icehotel,ICEHOTEL,"ICEHOTEL, Marknadsvägen, Jukkasjärvi, Norrbotten, Sweden",Sweden,67.8498,20.595
photos/2026-01-19,20260119_172658.jpg,jukkasjarvi_icehotel,ICEHOTEL,"ICEHOTEL, Marknadsvägen, Jukkasjärvi, Norrbotten, Sweden",Sweden,67.8498,20.595
photos/2026-01-19,20260119_172742.jpg,jukkasjarvi_icehotel,ICEHOTEL,"ICEHOTEL, Marknadsvägen, Jukkasjärvi, Norrbotten, Sweden",Sweden,67.8498,20.595
photos/2026-01-19,20260119_172751.jpg,jukkasjarvi_icehotel,ICEHOTEL,"ICEHOTEL, Marknadsvägen, Jukkasjärvi, Norrbotten, Sweden",Sweden,67.8498,20.595
photos/2026-01-19,20260119_172920.jpg,jukkasjarvi_icehotel,ICEHOTEL,"ICEHOTEL, Marknadsvägen, Jukkasjärvi, Norrbotten, Sweden",Sweden,67.8498,20.595
photos/2026-01-19,20260119_172924.jpg,jukkasjarvi_icehotel,ICEHOTEL,"ICEHOTEL, Marknadsvägen, Jukkasjärvi, Norrbotten, Sweden",Sweden,67.8498,20.595
photos/2026-01-19,20260119_173010.jpg,jukkasjarvi_icehotel,ICEHOTEL,"ICEHOTEL, Marknadsvägen, Jukkasjärvi, Norrbotten, Sweden",Sweden,67.8498,20.595
photos/2026-01-19,20260119_173028.jpg,jukkasjarvi_icehotel,ICEHOTEL,"ICEHOTEL, Marknadsvägen, Jukkasjärvi, Norrbotten, Sweden",Sweden,67.8498,20.595
photos/2026-01-19,20260119_173124.jpg,jukkasjarvi_icehotel,ICEHOTEL,"ICEHOTEL, Marknadsvägen, Jukkasjärvi, Norrbotten, Sweden",Sweden,67.8498,20.595
photos/2026-01-19,20260119_173137.jpg,jukkasjarvi_icehotel,ICEHOTEL,"ICEHOTEL, Marknadsvägen, Jukkasjärvi, Norrbotten, Sweden",Sweden,67.8498,20.595
photos/2026-01-19,20260119_173214.jpg,jukkasjarvi_icehotel,ICEHOTEL,"ICEHOTEL, Marknadsvägen, Jukkasjärvi, Norrbotten, Sweden",Sweden,67.8498,20.595
photos/2026-01-19,20260119_173240.jpg,jukkasjarvi_icehotel,ICEHOTEL,"ICEHOTEL, Marknadsvägen, Jukkasjärvi, Norrbotten, Sweden",Sweden,67.8498,20.595
photos/2026-01-19,20260119_173256.jpg,jukkasjarvi_icehotel,ICEHOTEL,"ICEHOTEL, Marknadsvägen, Jukkasjärvi, Norrbotten, Sweden",Sweden,67.8498,20.595
photos/2026-01-19,20260119_173337.jpg,jukkasjarvi_icehotel,ICEHOTEL,"ICEHOTEL, Marknadsvägen, Jukkasjärvi, Norrbotten, Sweden",Sweden,67.8498,20.595
photos/2026-01-19,20260119_173339.jpg,jukkasjarvi_icehotel,ICEHOTEL,"ICEHOTEL, Marknadsvägen, Jukkasjärvi, Norrbotten, Sweden",Sweden,67.8498,20.595
photos/2026-01-19,20260119_173448.jpg,jukkasjarvi_icehotel,ICEHOTEL,"ICEHOTEL, Marknadsvägen, Jukkasjärvi, Norrbotten, Sweden",Sweden,67.8498,20.595
photos/2026-01-19,20260119_173534.jpg,jukkasjarvi_icehotel,ICEHOTEL,"ICEHOTEL, Marknadsvägen, Jukkasjärvi, Norrbotten, Sweden",Sweden,67.8498,20.595
photos/2026-01-19,20260119_173618.jpg,jukkasjarvi_icehotel,ICEHOTEL,"ICEHOTEL, Marknadsvägen, Jukkasjärvi, Norrbotten, Sweden",Sweden,67.8498,20.595
photos/2026-01-19,20260119_173629.jpg,jukkasjarvi_icehotel,ICEHOTEL,"ICEHOTEL, Marknadsvägen, Jukkasjärvi, Norrbotten, Sweden",Sweden,67.8498,20.595
photos/2026-01-19,20260119_173736.jpg,jukkasjarvi_icehotel,ICEHOTEL,"ICEHOTEL, Marknadsvägen, Jukkasjärvi, Norrbotten, Sweden",Sweden,67.8498,20.595
photos/2026-01-19,20260119_173853.jpg,jukkasjarvi_icehotel,ICEHOTEL,"ICEHOTEL, Marknadsvägen, Jukkasjärvi, Norrbotten, Sweden",Sweden,67.8498,20.595
photos/2026-01-19,20260119_173924-EDIT.jpg,jukkasjarvi_icehotel,ICEHOTEL,"ICEHOTEL, Marknadsvägen, Jukkasjärvi, Norrbotten, Sweden",Sweden,67.8498,20.595
photos/2026-01-19,20260119_174015.jpg,jukkasjarvi_icehotel,ICEHOTEL,"ICEHOTEL, Marknadsvägen, Jukkasjärvi, Norrbotten, Sweden",Sweden,67.8498,20.595
photos/2026-01-19,20260119_181807.jpg,jukkasjarvi_icehotel,ICEHOTEL,"ICEHOTEL, Marknadsvägen, Jukkasjärvi, Norrbotten, Sweden",Sweden,67.8498,20.595
photos/2026-01-19,20260119_181813.mp4,jukkasjarvi_icehotel,ICEHOTEL,"ICEHOTEL, Marknadsvägen, Jukkasjärvi, Norrbotten, Sweden",Sweden,67.8498,20.595
photos/2026-01-19,20260119_184628.jpg,jukkasjarvi_icehotel,ICEHOTEL,"ICEHOTEL, Marknadsvägen, Jukkasjärvi, Norrbotten, Sweden",Sweden,67.8498,20.595
photos/2026-01-19,20260119_184752.jpg,jukkasjarvi_icehotel,ICEHOTEL,"ICEHOTEL, Marknadsvägen, Jukkasjärvi, Norrbotten, Sweden",Sweden,67.8498,20.595
photos/2026-01-19,20260119_185632.jpg,jukkasjarvi_icehotel,ICEHOTEL,"ICEHOTEL, Marknadsvägen, Jukkasjärvi, Norrbotten, Sweden",Sweden,67.8498,20.595
photos/2026-01-19,20260119_185905.jpg,jukkasjarvi_icehotel,ICEHOTEL,"ICEHOTEL, Marknadsvägen, Jukkasjärvi, Norrbotten, Sweden",Sweden,67.8498,20.595
photos/2026-01-19,20260119_194911.jpg,jukkasjarvi_icehotel,ICEHOTEL,"ICEHOTEL, Marknadsvägen, Jukkasjärvi, Norrbotten, Sweden",Sweden,67.8498,20.595
photos/2026-01-19,Geysir.mp4,(none),,,,,
photos/2026-01-19,IMG-20260119-WA0037.jpg,jukkasjarvi_icehotel,ICEHOTEL,"ICEHOTEL, Marknadsvägen, Jukkasjärvi, Norrbotten, Sweden",Sweden,67.8498,20.595
photos/2026-01-19,IMG-20260119-WA0115.jpg,(none),,,,,
photos/2026-01-20,20260120_124454.jpg,jukkasjarvi_generic,Jukkasjärvi,"Jukkasjärvi, Norrbotten, Sweden",Sweden,67.8578,20.5942
photos/2026-01-20,20260120_124515.jpg,jukkasjarvi_generic,Jukkasjärvi,"Jukkasjärvi, Norrbotten, Sweden",Sweden,67.8578,20.5942
photos/2026-01-20,20260120_124743.jpg,jukkasjarvi_generic,Jukkasjärvi,"Jukkasjärvi, Norrbotten, Sweden",Sweden,67.8578,20.5942
photos/2026-01-20,20260120_124818.jpg,jukkasjarvi_church,Jukkasjärvi kyrka,"Jukkasjärvi Church (Jukkasjärvi kyrka), Jukkasjärvi, Norrbotten, Sweden",Sweden,67.858,20.5947
photos/2026-01-20,20260120_124858.jpg,jukkasjarvi_church,Jukkasjärvi kyrka,"Jukkasjärvi Church (Jukkasjärvi kyrka), Jukkasjärvi, Norrbotten, Sweden",Sweden,67.858,20.5947
photos/2026-01-20,20260120_125200.jpg,jukkasjarvi_church,Jukkasjärvi kyrka,"Jukkasjärvi Church (Jukkasjärvi kyrka), Jukkasjärvi, Norrbotten, Sweden",Sweden,67.858,20.5947
photos/2026-01-20,20260120_125423.jpg,jukkasjarvi_church,Jukkasjärvi kyrka,"Jukkasjärvi Church (Jukkasjärvi kyrka), Jukkasjärvi, Norrbotten, Sweden",Sweden,67.858,20.5947
photos/2026-01-20,20260120_130454.jpg,jukkasjarvi_generic,Jukkasjärvi,"Jukkasjärvi, Norrbotten, Sweden",Sweden,67.8578,20.5942
photos/2026-01-20,20260120_130503.jpg,jukkasjarvi_generic,Jukkasjärvi,"Jukkasjärvi, Norrbotten, Sweden",Sweden,67.8578,20.5942
photos/2026-01-20,20260120_131047.jpg,jukkasjarvi_generic,Jukkasjärvi,"Jukkasjärvi, Norrbotten, Sweden",Sweden,67.8578,20.5942
photos/2026-01-20,20260120_131442.jpg,jukkasjarvi_generic,Jukkasjärvi,"Jukkasjärvi, Norrbotten, Sweden",Sweden,67.8578,20.5942
photos/2026-01-20,20260120_131538.jpg,jukkasjarvi_generic,Jukkasjärvi,"Jukkasjärvi, Norrbotten, Sweden",Sweden,67.8578,20.5942
photos/2026-01-20,20260120_133918.jpg,jukkasjarvi_reindeer_farm,Nutti Sami Siida,"Nutti Sami Siida reindeer farm, Jukkasjärvi, Norrbotten, Sweden",Sweden,67.8556,20.5883
photos/2026-01-20,20260120_134159.jpg,jukkasjarvi_reindeer_farm,Nutti Sami Siida,"Nutti Sami Siida reindeer farm, Jukkasjärvi, Norrbotten, Sweden",Sweden,67.8556,20.5883
photos/2026-01-20,20260120_134203.jpg,jukkasjarvi_reindeer_farm,Nutti Sami Siida,"Nutti Sami Siida reindeer farm, Jukkasjärvi, Norrbotten, Sweden",Sweden,67.8556,20.5883
photos/2026-01-20,20260120_135830.jpg,jukkasjarvi_reindeer_farm,Nutti Sami Siida,"Nutti Sami Siida reindeer farm, Jukkasjärvi, Norrbotten, Sweden",Sweden,67.8556,20.5883
photos/2026-01-20,20260120_135834.jpg,jukkasjarvi_generic,Jukkasjärvi,"Jukkasjärvi, Norrbotten, Sweden",Sweden,67.8578,20.5942
photos/2026-01-20,20260120_135904.jpg,jukkasjarvi_reindeer_farm,Nutti Sami Siida,"Nutti Sami Siida reindeer farm, Jukkasjärvi, Norrbotten, Sweden",Sweden,67.8556,20.5883
photos/2026-01-20,20260120_140830.jpg,jukkasjarvi_reindeer_farm,Nutti Sami Siida,"Nutti Sami Siida reindeer farm, Jukkasjärvi, Norrbotten, Sweden",Sweden,67.8556,20.5883
photos/2026-01-20,20260120_140836.jpg,jukkasjarvi_reindeer_farm,Nutti Sami Siida,"Nutti Sami Siida reindeer farm, Jukkasjärvi, Norrbotten, Sweden",Sweden,67.8556,20.5883
photos/2026-01-20,20260120_142318.jpg,jukkasjarvi_reindeer_farm,Nutti Sami Siida,"Nutti Sami Siida reindeer farm, Jukkasjärvi, Norrbotten, Sweden",Sweden,67.8556,20.5883
photos/2026-01-20,20260120_142516.jpg,jukkasjarvi_reindeer_farm,Nutti Sami Siida,"Nutti Sami Siida reindeer farm, Jukkasjärvi, Norrbotten, Sweden",Sweden,67.8556,20.5883
photos/2026-01-20,20260120_142518.jpg,jukkasjarvi_reindeer_farm,Nutti Sami Siida,"Nutti Sami Siida reindeer farm, Jukkasjärvi, Norrbotten, Sweden",Sweden,67.8556,20.5883
photos/2026-01-20,20260120_142549.jpg,jukkasjarvi_reindeer_farm,Nutti Sami Siida,"Nutti Sami Siida reindeer farm, Jukkasjärvi, Norrbotten, Sweden",Sweden,67.8556,20.5883
photos/2026-01-20,20260120_142551.jpg,jukkasjarvi_reindeer_farm,Nutti Sami Siida,"Nutti Sami Siida reindeer farm, Jukkasjärvi, Norrbotten, Sweden",Sweden,67.8556,20.5883
photos/2026-01-20,20260120_142552.jpg,jukkasjarvi_reindeer_farm,Nutti Sami Siida,"Nutti Sami Siida reindeer farm, Jukkasjärvi, Norrbotten, Sweden",Sweden,67.8556,20.5883
photos/2026-01-20,20260120_142608.jpg,jukkasjarvi_generic,Jukkasjärvi,"Jukkasjärvi, Norrbotten, Sweden",Sweden,67.8578,20.5942
photos/2026-01-20,20260120_142611.jpg,jukkasjarvi_generic,Jukkasjärvi,"Jukkasjärvi, Norrbotten, Sweden",Sweden,67.8578,20.5942
photos/2026-01-20,20260120_142626.jpg,jukkasjarvi_reindeer_farm,Nutti Sami Siida,"Nutti Sami Siida reindeer farm, Jukkasjärvi, Norrbotten, Sweden",Sweden,67.8556,20.5883
photos/2026-01-20,20260120_142651.jpg,jukkasjarvi_reindeer_farm,Nutti Sami Siida,"Nutti Sami Siida reindeer farm, Jukkasjärvi, Norrbotten, Sweden",Sweden,67.8556,20.5883
photos/2026-01-20,20260120_142701.jpg,jukkasjarvi_reindeer_farm,Nutti Sami Siida,"Nutti Sami Siida reindeer farm, Jukkasjärvi, Norrbotten, Sweden",Sweden,67.8556,20.5883
photos/2026-01-20,20260120_145643.jpg,jukkasjarvi_reindeer_farm,Nutti Sami Siida,"Nutti Sami Siida reindeer farm, Jukkasjärvi, Norrbotten, Sweden",Sweden,67.8556,20.5883
photos/2026-01-20,20260120_155946.mp4,jukkasjarvi_reindeer_farm,Nutti Sami Siida,"Nutti Sami Siida reindeer farm, Jukkasjärvi, Norrbotten, Sweden",Sweden,67.8556,20.5883
photos/2026-01-20,20260120_160729.jpg,jukkasjarvi_reindeer_farm,Nutti Sami Siida,"Nutti Sami Siida reindeer farm, Jukkasjärvi, Norrbotten, Sweden",Sweden,67.8556,20.5883
photos/2026-01-20,20260120_160731.jpg,jukkasjarvi_reindeer_farm,Nutti Sami Siida,"Nutti Sami Siida reindeer farm, Jukkasjärvi, Norrbotten, Sweden",Sweden,67.8556,20.5883
photos/2026-01-20,IMG-20260120-WA0023.jpg,jukkasjarvi_icehotel,ICEHOTEL,"ICEHOTEL, Marknadsvägen, Jukkasjärvi, Norrbotten, Sweden",Sweden,67.8498,20.595
photos/2026-01-20,IMG-20260120-WA0025.jpg,jukkasjarvi_icehotel,ICEHOTEL,"ICEHOTEL, Marknadsvägen, Jukkasjärvi, Norrbotten, Sweden",Sweden,67.8498,20.595
photos/2026-01-20,IMG-20260120-WA0028.jpg,jukkasjarvi_icehotel,ICEHOTEL,"ICEHOTEL, Marknadsvägen, Jukkasjärvi, Norrbotten, Sweden",Sweden,67.8498,20.595
photos/2026-01-20,IMG-20260120-WA0029.jpg,jukkasjarvi_icehotel,ICEHOTEL,"ICEHOTEL, Marknadsvägen, Jukkasjärvi, Norrbotten, Sweden",Sweden,67.8498,20.595
photos/2026-01-20,IMG-20260120-WA0032.jpg,jukkasjarvi_icehotel,ICEHOTEL,"ICEHOTEL, Marknadsvägen, Jukkasjärvi, Norrbotten, Sweden",Sweden,67.8498,20.595
photos/2026-01-20,IMG-20260120-WA0033.jpg,jukkasjarvi_icehotel,ICEHOTEL,"ICEHOTEL, Marknadsvägen, Jukkasjärvi, Norrbotten, Sweden",Sweden,67.8498,20.595
photos/2026-01-20,IMG-20260120-WA0035.jpg,jukkasjarvi_icehotel,ICEHOTEL,"ICEHOTEL, Marknadsvägen, Jukkasjärvi, Norrbotten, Sweden",Sweden,67.8498,20.595
photos/2026-01-20,VID-20260120-WA0036.mp4,jukkasjarvi_icehotel,ICEHOTEL,"ICEHOTEL, Marknadsvägen, Jukkasjärvi, Norrbotten, Sweden",Sweden,67.8498,20.595
photos/2026-01-20,VID-20260120-WA0037.mp4,jukkasjarvi_icehotel,ICEHOTEL,"ICEHOTEL, Marknadsvägen, Jukkasjärvi, Norrbotten, Sweden",Sweden,67.8498,20.595
photos/2026-01-20,VID-20260120-WA0038.mp4,jukkasjarvi_icehotel,ICEHOTEL,"ICEHOTEL, Marknadsvägen, Jukkasjärvi, Norrbotten, Sweden",Sweden,67.8498,20.595
photos/2026-01-21,20260121_102616.jpg,jukkasjarvi_reindeer_farm,Nutti Sami Siida,"Nutti Sami Siida reindeer farm, Jukkasjärvi, Norrbotten, Sweden",Sweden,67.8556,20.5883
photos/2026-01-21,20260121_103308(1).jpg,jukkasjarvi_generic,Jukkasjärvi,"Jukkasjärvi, Norrbotten, Sweden",Sweden,67.8578,20.5942
photos/2026-01-21,20260121_103308.jpg,jukkasjarvi_generic,Jukkasjärvi,"Jukkasjärvi, Norrbotten, Sweden",Sweden,67.8578,20.5942
photos/2026-01-21,20260121_103312.jpg,jukkasjarvi_generic,Jukkasjärvi,"Jukkasjärvi, Norrbotten, Sweden",Sweden,67.8578,20.5942
photos/2026-01-21,20260121_104157(1).jpg,jukkasjarvi_reindeer_farm,Nutti Sami Siida,"Nutti Sami Siida reindeer farm, Jukkasjärvi, Norrbotten, Sweden",Sweden,67.8556,20.5883
photos/2026-01-21,20260121_104157.jpg,jukkasjarvi_reindeer_farm,Nutti Sami Siida,"Nutti Sami Siida reindeer farm, Jukkasjärvi, Norrbotten, Sweden",Sweden,67.8556,20.5883
photos/2026-01-21,20260121_104207(1).jpg,jukkasjarvi_generic,Jukkasjärvi,"Jukkasjärvi, Norrbotten, Sweden",Sweden,67.8578,20.5942
photos/2026-01-21,20260121_104207.jpg,jukkasjarvi_generic,Jukkasjärvi,"Jukkasjärvi, Norrbotten, Sweden",Sweden,67.8578,20.5942
photos/2026-01-21,20260121_104434(1).jpg,jukkasjarvi_generic,Jukkasjärvi,"Jukkasjärvi, Norrbotten, Sweden",Sweden,67.8578,20.5942
photos/2026-01-21,20260121_104434.jpg,jukkasjarvi_generic,Jukkasjärvi,"Jukkasjärvi, Norrbotten, Sweden",Sweden,67.8578,20.5942
photos/2026-01-21,20260121_104712.jpg,jukkasjarvi_generic,Jukkasjärvi,"Jukkasjärvi, Norrbotten, Sweden",Sweden,67.8578,20.5942
photos/2026-01-21,20260121_105434.jpg,jukkasjarvi_generic,Jukkasjärvi,"Jukkasjärvi, Norrbotten, Sweden",Sweden,67.8578,20.5942
photos/2026-01-21,20260121_105815.jpg,jukkasjarvi_reindeer_farm,Nutti Sami Siida,"Nutti Sami Siida reindeer farm, Jukkasjärvi, Norrbotten, Sweden",Sweden,67.8556,20.5883
photos/2026-01-21,20260121_194651.jpg,jukkasjarvi_reindeer_farm,Nutti Sami Siida,"Nutti Sami Siida reindeer farm, Jukkasjärvi, Norrbotten, Sweden",Sweden,67.8556,20.5883
photos/2026-01-21,IMG-20260121-WA0004.jpg,jukkasjarvi_reindeer_farm,Nutti Sami Siida,"Nutti Sami Siida reindeer farm, Jukkasjärvi, Norrbotten, Sweden",Sweden,67.8556,20.5883
photos/2026-01-21,IMG-20260121-WA0005.jpg,jukkasjarvi_reindeer_farm,Nutti Sami Siida,"Nutti Sami Siida reindeer farm, Jukkasjärvi, Norrbotten, Sweden",Sweden,67.8556,20.5883
photos/2026-01-21,IMG-20260121-WA0006.jpg,jukkasjarvi_reindeer_farm,Nutti Sami Siida,"Nutti Sami Siida reindeer farm, Jukkasjärvi, Norrbotten, Sweden",Sweden,67.8556,20.5883
photos/2026-01-21,IMG-20260121-WA0007.jpg,jukkasjarvi_reindeer_farm,Nutti Sami Siida,"Nutti Sami Siida reindeer farm, Jukkasjärvi, Norrbotten, Sweden",Sweden,67.8556,20.5883
photos/2026-01-21,IMG-20260121-WA0008.jpg,jukkasjarvi_reindeer_farm,Nutti Sami Siida,"Nutti Sami Siida reindeer farm, Jukkasjärvi, Norrbotten, Sweden",Sweden,67.8556,20.5883
photos/2026-01-21,IMG-20260121-WA0009.jpg,jukkasjarvi_reindeer_farm,Nutti Sami Siida,"Nutti Sami Siida reindeer farm, Jukkasjärvi, Norrbotten, Sweden",Sweden,67.8556,20.5883
photos/2026-01-21,IMG-20260121-WA0010.jpg,jukkasjarvi_reindeer_farm,Nutti Sami Siida,"Nutti Sami Siida reindeer farm, Jukkasjärvi, Norrbotten, Sweden",Sweden,67.8556,20.5883
photos/2026-01-21,IMG-20260121-WA0011.jpg,jukkasjarvi_reindeer_farm,Nutti Sami Siida,"Nutti Sami Siida reindeer farm, Jukkasjärvi, Norrbotten, Sweden",Sweden,67.8556,20.5883
photos/2026-01-21,IMG-20260121-WA0012.jpg,jukkasjarvi_reindeer_farm,Nutti Sami Siida,"Nutti Sami Siida reindeer farm, Jukkasjärvi, Norrbotten, Sweden",Sweden,67.8556,20.5883
photos/2026-01-22,20260122_102522.jpg,jukkasjarvi_generic,Jukkasjärvi,"Jukkasjärvi, Norrbotten, Sweden",Sweden,67.8578,20.5942
photos/2026-01-22,20260122_145803.jpg,(none),,,,,
photos/2026-01-22,20260122_150736.jpg,(none),,,,,
photos/2026-01-22,IMG-20260122-WA0009.jpg,vana_spa,Vana Spa,"Vana Spa, Elite Hotel Frost, Kiruna, Norrbotten, Sweden",Sweden,67.8553,20.2255
photos/2026-01-22,IMG-20260122-WA0010.jpg,vana_spa,Vana Spa,"Vana Spa, Elite Hotel Frost, Kiruna, Norrbotten, Sweden",Sweden,67.8553,20.2255
photos/2026-01-22,IMG-20260122-WA0011.jpg,vana_spa,Vana Spa,"Vana Spa, Elite Hotel Frost, Kiruna, Norrbotten, Sweden",Sweden,67.8553,20.2255
photos/2026-01-22,IMG-20260122-WA0015.jpg,vana_spa,Vana Spa,"Vana Spa, Elite Hotel Frost, Kiruna, Norrbotten, Sweden",Sweden,67.8553,20.2255
photos/2026-01-22,IMG-20260122-WA0016.jpg,vana_spa,Vana Spa,"Vana Spa, Elite Hotel Frost, Kiruna, Norrbotten, Sweden",Sweden,67.8553,20.2255
photos/2026-01-22,IMG-20260122-WA0017.jpg,vana_spa,Vana Spa,"Vana Spa, Elite Hotel Frost, Kiruna, Norrbotten, Sweden",Sweden,67.8553,20.2255
photos/2026-01-22,IMG-20260122-WA0020.jpg,jukkasjarvi_reindeer_farm,Nutti Sami Siida,"Nutti Sami Siida reindeer farm, Jukkasjärvi, Norrbotten, Sweden",Sweden,67.8556,20.5883
photos/2026-01-22,IMG-20260122-WA0023.jpg,jukkasjarvi_reindeer_farm,Nutti Sami Siida,"Nutti Sami Siida reindeer farm, Jukkasjärvi, Norrbotten, Sweden",Sweden,67.8556,20.5883
photos/2026-01-22,IMG-20260122-WA0024.jpg,jukkasjarvi_reindeer_farm,Nutti Sami Siida,"Nutti Sami Siida reindeer farm, Jukkasjärvi, Norrbotten, Sweden",Sweden,67.8556,20.5883
photos/2026-01-22,IMG-20260122-WA0025.jpg,jukkasjarvi_reindeer_farm,Nutti Sami Siida,"Nutti Sami Siida reindeer farm, Jukkasjärvi, Norrbotten, Sweden",Sweden,67.8556,20.5883
photos/2026-01-22,IMG-20260122-WA0040.jpg,jukkasjarvi_generic,Jukkasjärvi,"Jukkasjärvi, Norrbotten, Sweden",Sweden,67.8578,20.5942
photos/2026-01-22,IMG-20260122-WA0041.jpg,jukkasjarvi_generic,Jukkasjärvi,"Jukkasjärvi, Norrbotten, Sweden",Sweden,67.8578,20.5942
photos/2026-01-22,IMG-20260122-WA0042.jpg,jukkasjarvi_reindeer_farm,Nutti Sami Siida,"Nutti Sami Siida reindeer farm, Jukkasjärvi, Norrbotten, Sweden",Sweden,67.8556,20.5883
photos/2026-01-22,IMG-20260122-WA0043.jpg,jukkasjarvi_reindeer_farm,Nutti Sami Siida,"Nutti Sami Siida reindeer farm, Jukkasjärvi, Norrbotten, Sweden",Sweden,67.8556,20.5883
photos/2026-01-22,IMG-20260122-WA0044.jpg,jukkasjarvi_reindeer_farm,Nutti Sami Siida,"Nutti Sami Siida reindeer farm, Jukkasjärvi, Norrbotten, Sweden",Sweden,67.8556,20.5883
photos/2026-01-22,IMG-20260122-WA0053.jpg,jukkasjarvi_reindeer_farm,Nutti Sami Siida,"Nutti Sami Siida reindeer farm, Jukkasjärvi, Norrbotten, Sweden",Sweden,67.8556,20.5883
photos/2026-01-22,IMG-20260122-WA0058.jpg,jukkasjarvi_reindeer_farm,Nutti Sami Siida,"Nutti Sami Siida reindeer farm, Jukkasjärvi, Norrbotten, Sweden",Sweden,67.8556,20.5883
photos/2026-01-22,IMG-20260122-WA0059.jpg,jukkasjarvi_reindeer_farm,Nutti Sami Siida,"Nutti Sami Siida reindeer farm, Jukkasjärvi, Norrbotten, Sweden",Sweden,67.8556,20.5883
photos/2026-01-22,IMG-20260122-WA0061.jpg,jukkasjarvi_reindeer_farm,Nutti Sami Siida,"Nutti Sami Siida reindeer farm, Jukkasjärvi, Norrbotten, Sweden",Sweden,67.8556,20.5883
photos/2026-01-22,IMG-20260122-WA0063.jpg,jukkasjarvi_reindeer_farm,Nutti Sami Siida,"Nutti Sami Siida reindeer farm, Jukkasjärvi, Norrbotten, Sweden",Sweden,67.8556,20.5883
photos/2026-01-22,IMG-20260122-WA0067.jpg,jukkasjarvi_generic,Jukkasjärvi,"Jukkasjärvi, Norrbotten, Sweden",Sweden,67.8578,20.5942
photos/2026-01-22,IMG-20260122-WA0073.jpg,jukkasjarvi_generic,Jukkasjärvi,"Jukkasjärvi, Norrbotten, Sweden",Sweden,67.8578,20.5942
photos/2026-01-22,IMG-20260122-WA0080.jpg,jukkasjarvi_reindeer_farm,Nutti Sami Siida,"Nutti Sami Siida reindeer farm, Jukkasjärvi, Norrbotten, Sweden",Sweden,67.8556,20.5883
photos/2026-01-22,IMG-20260122-WA0083.jpg,jukkasjarvi_reindeer_farm,Nutti Sami Siida,"Nutti Sami Siida reindeer farm, Jukkasjärvi, Norrbotten, Sweden",Sweden,67.8556,20.5883
photos/2026-01-22,IMG-20260122-WA0085.jpg,jukkasjarvi_reindeer_farm,Nutti Sami Siida,"Nutti Sami Siida reindeer farm, Jukkasjärvi, Norrbotten, Sweden",Sweden,67.8556,20.5883
photos/2026-01-22,IMG-20260122-WA0086.jpg,jukkasjarvi_reindeer_farm,Nutti Sami Siida,"Nutti Sami Siida reindeer farm, Jukkasjärvi, Norrbotten, Sweden",Sweden,67.8556,20.5883
photos/2026-01-22,IMG-20260122-WA0088.jpg,jukkasjarvi_reindeer_farm,Nutti Sami Siida,"Nutti Sami Siida reindeer farm, Jukkasjärvi, Norrbotten, Sweden",Sweden,67.8556,20.5883
photos/2026-01-22,IMG-20260122-WA0095.jpg,jukkasjarvi_generic,Jukkasjärvi,"Jukkasjärvi, Norrbotten, Sweden",Sweden,67.8578,20.5942
photos/2026-01-22,IMG-20260122-WA0097.jpg,jukkasjarvi_generic,Jukkasjärvi,"Jukkasjärvi, Norrbotten, Sweden",Sweden,67.8578,20.5942
photos/2026-01-22,IMG-20260122-WA0099.jpg,jukkasjarvi_generic,Jukkasjärvi,"Jukkasjärvi, Norrbotten, Sweden",Sweden,67.8578,20.5942
photos/2026-01-22,IMG-20260122-WA0101.jpg,jukkasjarvi_generic,Jukkasjärvi,"Jukkasjärvi, Norrbotten, Sweden",Sweden,67.8578,20.5942
photos/2026-01-22,IMG-20260122-WA0105.jpg,jukkasjarvi_generic,Jukkasjärvi,"Jukkasjärvi, Norrbotten, Sweden",Sweden,67.8578,20.5942
photos/2026-01-22,IMG-20260122-WA0109.jpg,jukkasjarvi_generic,Jukkasjärvi,"Jukkasjärvi, Norrbotten, Sweden",Sweden,67.8578,20.5942
photos/2026-01-22,IMG-20260122-WA0111.jpg,jukkasjarvi_generic,Jukkasjärvi,"Jukkasjärvi, Norrbotten, Sweden",Sweden,67.8578,20.5942
photos/2026-01-22,IMG-20260122-WA0112.jpg,jukkasjarvi_generic,Jukkasjärvi,"Jukkasjärvi, Norrbotten, Sweden",Sweden,67.8578,20.5942
photos/2026-01-22,IMG-20260122-WA0113.jpg,jukkasjarvi_generic,Jukkasjärvi,"Jukkasjärvi, Norrbotten, Sweden",Sweden,67.8578,20.5942
photos/2026-01-22,IMG-20260122-WA0114.jpg,jukkasjarvi_generic,Jukkasjärvi,"Jukkasjärvi, Norrbotten, Sweden",Sweden,67.8578,20.5942
photos/2026-01-22,IMG-20260122-WA0116.jpg,jukkasjarvi_generic,Jukkasjärvi,"Jukkasjärvi, Norrbotten, Sweden",Sweden,67.8578,20.5942
photos/2026-01-22,IMG-20260122-WA0121.jpg,jukkasjarvi_generic,Jukkasjärvi,"Jukkasjärvi, Norrbotten, Sweden",Sweden,67.8578,20.5942
photos/2026-01-22,IMG-20260122-WA0125.jpg,jukkasjarvi_generic,Jukkasjärvi,"Jukkasjärvi, Norrbotten, Sweden",Sweden,67.8578,20.5942
photos/2026-01-22,IMG-20260122-WA0128.jpg,jukkasjarvi_generic,Jukkasjärvi,"Jukkasjärvi, Norrbotten, Sweden",Sweden,67.8578,20.5942
photos/2026-01-22,IMG-20260122-WA0129.jpg,jukkasjarvi_generic,Jukkasjärvi,"Jukkasjärvi, Norrbotten, Sweden",Sweden,67.8578,20.5942
photos/2026-01-22,IMG-20260122-WA0130.jpg,jukkasjarvi_generic,Jukkasjärvi,"Jukkasjärvi, Norrbotten, Sweden",Sweden,67.8578,20.5942
photos/2026-01-22,IMG-20260122-WA0133.jpg,jukkasjarvi_generic,Jukkasjärvi,"Jukkasjärvi, Norrbotten, Sweden",Sweden,67.8578,20.5942
photos/2026-01-22,IMG-20260122-WA0134.jpg,jukkasjarvi_generic,Jukkasjärvi,"Jukkasjärvi, Norrbotten, Sweden",Sweden,67.8578,20.5942
photos/2026-01-22,IMG-20260122-WA0136.jpg,jukkasjarvi_generic,Jukkasjärvi,"Jukkasjärvi, Norrbotten, Sweden",Sweden,67.8578,20.5942
photos/2026-01-22,IMG-20260122-WA0137.jpg,jukkasjarvi_generic,Jukkasjärvi,"Jukkasjärvi, Norrbotten, Sweden",Sweden,67.8578,20.5942
photos/2026-01-22,IMG-20260122-WA0138.jpg,jukkasjarvi_generic,Jukkasjärvi,"Jukkasjärvi, Norrbotten, Sweden",Sweden,67.8578,20.5942
photos/2026-01-22,IMG-20260122-WA0141.jpg,jukkasjarvi_generic,Jukkasjärvi,"Jukkasjärvi, Norrbotten, Sweden",Sweden,67.8578,20.5942
photos/2026-01-22,IMG-20260122-WA0142.jpg,jukkasjarvi_generic,Jukkasjärvi,"Jukkasjärvi, Norrbotten, Sweden",Sweden,67.8578,20.5942
photos/2026-01-22,IMG-20260122-WA0143.jpg,jukkasjarvi_generic,Jukkasjärvi,"Jukkasjärvi, Norrbotten, Sweden",Sweden,67.8578,20.5942
photos/2026-01-22,IMG-20260122-WA0144.jpg,(none),,,,,
photos/2026-01-22,IMG-20260122-WA0145.jpg,jukkasjarvi_generic,Jukkasjärvi,"Jukkasjärvi, Norrbotten, Sweden",Sweden,67.8578,20.5942
photos/2026-01-22,IMG-20260122-WA0146.jpg,jukkasjarvi_generic,Jukkasjärvi,"Jukkasjärvi, Norrbotten, Sweden",Sweden,67.8578,20.5942
photos/2026-01-22,IMG-20260122-WA0255.jpg,jukkasjarvi_icehotel,ICEHOTEL,"ICEHOTEL, Marknadsvägen, Jukkasjärvi, Norrbotten, Sweden",Sweden,67.8498,20.595
photos/2026-01-22,IMG-20260122-WA0258.jpg,jukkasjarvi_generic,Jukkasjärvi,"Jukkasjärvi, Norrbotten, Sweden",Sweden,67.8578,20.5942
photos/2026-01-22,IMG-20260122-WA0259.jpg,jukkasjarvi_generic,Jukkasjärvi,"Jukkasjärvi, Norrbotten, Sweden",Sweden,67.8578,20.5942
photos/2026-01-22,IMG-20260122-WA0260.jpg,jukkasjarvi_generic,Jukkasjärvi,"Jukkasjärvi, Norrbotten, Sweden",Sweden,67.8578,20.5942
photos/2026-01-22,IMG-20260122-WA0265.jpg,jukkasjarvi_generic,Jukkasjärvi,"Jukkasjärvi, Norrbotten, Sweden",Sweden,67.8578,20.5942
photos/2026-01-22,IMG-20260122-WA0266.jpg,jukkasjarvi_generic,Jukkasjärvi,"Jukkasjärvi, Norrbotten, Sweden",Sweden,67.8578,20.5942
photos/2026-01-22,IMG-20260122-WA0268.jpg,jukkasjarvi_generic,Jukkasjärvi,"Jukkasjärvi, Norrbotten, Sweden",Sweden,67.8578,20.5942
photos/2026-01-22,IMG-20260122-WA0271.jpg,jukkasjarvi_generic,Jukkasjärvi,"Jukkasjärvi, Norrbotten, Sweden",Sweden,67.8578,20.5942
photos/2026-01-22,IMG-20260122-WA0273.jpg,jukkasjarvi_generic,Jukkasjärvi,"Jukkasjärvi, Norrbotten, Sweden",Sweden,67.8578,20.5942
photos/2026-01-22,IMG-20260122-WA0274.jpg,jukkasjarvi_generic,Jukkasjärvi,"Jukkasjärvi, Norrbotten, Sweden",Sweden,67.8578,20.5942
photos/2026-01-22,IMG-20260122-WA0275.jpg,jukkasjarvi_generic,Jukkasjärvi,"Jukkasjärvi, Norrbotten, Sweden",Sweden,67.8578,20.5942
photos/2026-01-22,IMG-20260122-WA0277.jpg,jukkasjarvi_generic,Jukkasjärvi,"Jukkasjärvi, Norrbotten, Sweden",Sweden,67.8578,20.5942
photos/2026-01-22,IMG-20260122-WA0278.jpg,jukkasjarvi_generic,Jukkasjärvi,"Jukkasjärvi, Norrbotten, Sweden",Sweden,67.8578,20.5942
photos/2026-01-22,IMG-20260122-WA0294.jpg,(none),,,,,
photos/2026-01-22,IMG-20260122-WA0295.jpg,jukkasjarvi_generic,Jukkasjärvi,"Jukkasjärvi, Norrbotten, Sweden",Sweden,67.8578,20.5942
photos/2026-01-22,IMG-20260122-WA0296.jpg,jukkasjarvi_generic,Jukkasjärvi,"Jukkasjärvi, Norrbotten, Sweden",Sweden,67.8578,20.5942
photos/2026-01-22,IMG-20260122-WA0297.jpg,jukkasjarvi_reindeer_farm,Nutti Sami Siida,"Nutti Sami Siida reindeer farm, Jukkasjärvi, Norrbotten, Sweden",Sweden,67.8556,20.5883
photos/2026-01-22,IMG-20260122-WA0298.jpg,jukkasjarvi_reindeer_farm,Nutti Sami Siida,"Nutti Sami Siida reindeer farm, Jukkasjärvi, Norrbotten, Sweden",Sweden,67.8556,20.5883
photos/2026-01-22,IMG-20260122-WA0299.jpg,jukkasjarvi_generic,Jukkasjärvi,"Jukkasjärvi, Norrbotten, Sweden",Sweden,67.8578,20.5942
photos/2026-01-22,IMG-20260122-WA0300.jpg,jukkasjarvi_reindeer_farm,Nutti Sami Siida,"Nutti Sami Siida reindeer farm, Jukkasjärvi, Norrbotten, Sweden",Sweden,67.8556,20.5883
photos/2026-01-22,IMG-20260122-WA0301.jpg,jukkasjarvi_generic,Jukkasjärvi,"Jukkasjärvi, Norrbotten, Sweden",Sweden,67.8578,20.5942
photos/2026-01-22,IMG-20260122-WA0302.jpg,jukkasjarvi_reindeer_farm,Nutti Sami Siida,"Nutti Sami Siida reindeer farm, Jukkasjärvi, Norrbotten, Sweden",Sweden,67.8556,20.5883
photos/2026-01-22,IMG-20260122-WA0321.jpg,jukkasjarvi_reindeer_farm,Nutti Sami Siida,"Nutti Sami Siida reindeer farm, Jukkasjärvi, Norrbotten, Sweden",Sweden,67.8556,20.5883
photos/2026-01-22,IMG-20260122-WA0322.jpg,jukkasjarvi_generic,Jukkasjärvi,"Jukkasjärvi, Norrbotten, Sweden",Sweden,67.8578,20.5942
photos/2026-01-22,IMG-20260122-WA0324.jpg,jukkasjarvi_generic,Jukkasjärvi,"Jukkasjärvi, Norrbotten, Sweden",Sweden,67.8578,20.5942
photos/2026-01-22,IMG-20260122-WA0327.jpg,jukkasjarvi_generic,Jukkasjärvi,"Jukkasjärvi, Norrbotten, Sweden",Sweden,67.8578,20.5942
photos/2026-01-22,IMG-20260122-WA0328.jpg,jukkasjarvi_generic,Jukkasjärvi,"Jukkasjärvi, Norrbotten, Sweden",Sweden,67.8578,20.5942
photos/2026-01-22,IMG-20260122-WA0330.jpg,jukkasjarvi_generic,Jukkasjärvi,"Jukkasjärvi, Norrbotten, Sweden",Sweden,67.8578,20.5942
photos/2026-01-22,IMG-20260122-WA0342.jpg,jukkasjarvi_generic,Jukkasjärvi,"Jukkasjärvi, Norrbotten, Sweden",Sweden,67.8578,20.5942
photos/2026-01-22,IMG-20260122-WA0343.jpg,jukkasjarvi_reindeer_farm,Nutti Sami Siida,"Nutti Sami Siida reindeer farm, Jukkasjärvi, Norrbotten, Sweden",Sweden,67.8556,20.5883
photos/2026-01-22,IMG-20260122-WA0344.jpg,jukkasjarvi_reindeer_farm,Nutti Sami Siida,"Nutti Sami Siida reindeer farm, Jukkasjärvi, Norrbotten, Sweden",Sweden,67.8556,20.5883
photos/2026-01-22,IMG-20260122-WA0345.jpg,jukkasjarvi_generic,Jukkasjärvi,"Jukkasjärvi, Norrbotten, Sweden",Sweden,67.8578,20.5942
photos/2026-01-22,IMG-20260122-WA0347.jpg,jukkasjarvi_generic,Jukkasjärvi,"Jukkasjärvi, Norrbotten, Sweden",Sweden,67.8578,20.5942
photos/2026-01-22,IMG-20260122-WA0348.jpg,jukkasjarvi_reindeer_farm,Nutti Sami Siida,"Nutti Sami Siida reindeer farm, Jukkasjärvi, Norrbotten, Sweden",Sweden,67.8556,20.5883
photos/2026-01-22,IMG-20260122-WA0349.jpg,jukkasjarvi_reindeer_farm,Nutti Sami Siida,"Nutti Sami Siida reindeer farm, Jukkasjärvi, Norrbotten, Sweden",Sweden,67.8556,20.5883
photos/2026-01-22,IMG-20260122-WA0371.jpg,jukkasjarvi_icehotel,ICEHOTEL,"ICEHOTEL, Marknadsvägen, Jukkasjärvi, Norrbotten, Sweden",Sweden,67.8498,20.595
photos/2026-01-22,IMG-20260122-WA0375.jpg,jukkasjarvi_icehotel,ICEHOTEL,"ICEHOTEL, Marknadsvägen, Jukkasjärvi, Norrbotten, Sweden",Sweden,67.8498,20.595
photos/2026-01-22,IMG-20260122-WA0376.jpg,jukkasjarvi_icehotel,ICEHOTEL,"ICEHOTEL, Marknadsvägen, Jukkasjärvi, Norrbotten, Sweden",Sweden,67.8498,20.595
photos/2026-01-22,IMG-20260122-WA0384.jpg,jukkasjarvi_icehotel,ICEHOTEL,"ICEHOTEL, Marknadsvägen, Jukkasjärvi, Norrbotten, Sweden",Sweden,67.8498,20.595
photos/2026-01-22,IMG-20260122-WA0387.jpg,jukkasjarvi_icehotel,ICEHOTEL,"ICEHOTEL, Marknadsvägen, Jukkasjärvi, Norrbotten, Sweden",Sweden,67.8498,20.595
photos/2026-01-22,IMG-20260122-WA0388.jpg,jukkasjarvi_icehotel,ICEHOTEL,"ICEHOTEL, Marknadsvägen, Jukkasjärvi, Norrbotten, Sweden",Sweden,67.8498,20.595
photos/2026-01-22,IMG-20260122-WA0390.jpg,jukkasjarvi_icehotel,ICEHOTEL,"ICEHOTEL, Marknadsvägen, Jukkasjärvi, Norrbotten, Sweden",Sweden,67.8498,20.595
photos/2026-01-22,IMG-20260122-WA0392.jpg,jukkasjarvi_icehotel,ICEHOTEL,"ICEHOTEL, Marknadsvägen, Jukkasjärvi, Norrbotten, Sweden",Sweden,67.8498,20.595
photos/2026-01-22,IMG-20260122-WA0395.jpg,jukkasjarvi_icehotel,ICEHOTEL,"ICEHOTEL, Marknadsvägen, Jukkasjärvi, Norrbotten, Sweden",Sweden,67.8498,20.595
photos/2026-01-22,IMG-20260122-WA0397.jpg,jukkasjarvi_icehotel,ICEHOTEL,"ICEHOTEL, Marknadsvägen, Jukkasjärvi, Norrbotten, Sweden",Sweden,67.8498,20.595
photos/2026-01-22,IMG-20260122-WA0399.jpg,jukkasjarvi_generic,Jukkasjärvi,"Jukkasjärvi, Norrbotten, Sweden",Sweden,67.8578,20.5942
photos/2026-01-22,IMG-20260122-WA0401.jpg,jukkasjarvi_generic,Jukkasjärvi,"Jukkasjärvi, Norrbotten, Sweden",Sweden,67.8578,20.5942
photos/2026-01-22,IMG-20260122-WA0403.jpg,jukkasjarvi_generic,Jukkasjärvi,"Jukkasjärvi, Norrbotten, Sweden",Sweden,67.8578,20.5942
photos/2026-01-22,IMG-20260122-WA0405.jpg,jukkasjarvi_generic,Jukkasjärvi,"Jukkasjärvi, Norrbotten, Sweden",Sweden,67.8578,20.5942
photos/2026-01-22,IMG-20260122-WA0407.jpg,jukkasjarvi_icehotel,ICEHOTEL,"ICEHOTEL, Marknadsvägen, Jukkasjärvi, Norrbotten, Sweden",Sweden,67.8498,20.595
photos/2026-01-22,IMG-20260122-WA0409.jpg,jukkasjarvi_generic,Jukkasjärvi,"Jukkasjärvi, Norrbotten, Sweden",Sweden,67.8578,20.5942
photos/2026-01-22,IMG-20260122-WA0411.jpg,jukkasjarvi_generic,Jukkasjärvi,"Jukkasjärvi, Norrbotten, Sweden",Sweden,67.8578,20.5942
photos/2026-01-22,IMG-20260122-WA0413.jpg,jukkasjarvi_generic,Jukkasjärvi,"Jukkasjärvi, Norrbotten, Sweden",Sweden,67.8578,20.5942
photos/2026-01-22,IMG-20260122-WA0415.jpg,jukkasjarvi_icehotel,ICEHOTEL,"ICEHOTEL, Marknadsvägen, Jukkasjärvi, Norrbotten, Sweden",Sweden,67.8498,20.595
photos/2026-01-22,IMG-20260122-WA0417.jpg,jukkasjarvi_icehotel,ICEHOTEL,"ICEHOTEL, Marknadsvägen, Jukkasjärvi, Norrbotten, Sweden",Sweden,67.8498,20.595
photos/2026-01-22,IMG-20260122-WA0419.jpg,jukkasjarvi_generic,Jukkasjärvi,"Jukkasjärvi, Norrbotten, Sweden",Sweden,67.8578,20.5942
photos/2026-01-22,IMG-20260122-WA0434.jpg,jukkasjarvi_generic,Jukkasjärvi,"Jukkasjärvi, Norrbotten, Sweden",Sweden,67.8578,20.5942
photos/2026-01-22,IMG-20260122-WA0441.jpg,jukkasjarvi_generic,Jukkasjärvi,"Jukkasjärvi, Norrbotten, Sweden",Sweden,67.8578,20.5942
photos/2026-01-22,IMG-20260122-WA0443.jpg,jukkasjarvi_generic,Jukkasjärvi,"Jukkasjärvi, Norrbotten, Sweden",Sweden,67.8578,20.5942
photos/2026-01-22,VID-20260122-WA0075.mp4,jukkasjarvi_reindeer_farm,Nutti Sami Siida,"Nutti Sami Siida reindeer farm, Jukkasjärvi, Norrbotten, Sweden",Sweden,67.8556,20.5883
photos/2026-01-22,VID-20260122-WA0076.mp4,jukkasjarvi_reindeer_farm,Nutti Sami Siida,"Nutti Sami Siida reindeer farm, Jukkasjärvi, Norrbotten, Sweden",Sweden,67.8556,20.5883
photos/2026-01-22,VID-20260122-WA0077.mp4,jukkasjarvi_reindeer_farm,Nutti Sami Siida,"Nutti Sami Siida reindeer farm, Jukkasjärvi, Norrbotten, Sweden",Sweden,67.8556,20.5883
photos/2026-01-22,VID-20260122-WA0078.mp4,jukkasjarvi_reindeer_farm,Nutti Sami Siida,"Nutti Sami Siida reindeer farm, Jukkasjärvi, Norrbotten, Sweden",Sweden,67.8556,20.5883
photos/2026-01-22,VID-20260122-WA0171.mp4,jukkasjarvi_generic,Jukkasjärvi,"Jukkasjärvi, Norrbotten, Sweden",Sweden,67.8578,20.5942
photos/2026-01-22,VID-20260122-WA0311.mp4,jukkasjarvi_reindeer_farm,Nutti Sami Siida,"Nutti Sami Siida reindeer farm, Jukkasjärvi, Norrbotten, Sweden",Sweden,67.8556,20.5883
photos/2026-01-22,VID-20260122-WA0316.mp4,jukkasjarvi_reindeer_farm,Nutti Sami Siida,"Nutti Sami Siida reindeer farm, Jukkasjärvi, Norrbotten, Sweden",Sweden,67.8556,20.5883
photos/2026-01-22,VID-20260122-WA0317.mp4,jukkasjarvi_reindeer_farm,Nutti Sami Siida,"Nutti Sami Siida reindeer farm, Jukkasjärvi, Norrbotten, Sweden",Sweden,67.8556,20.5883
photos/2026-01-22,VID-20260122-WA0318.mp4,jukkasjarvi_reindeer_farm,Nutti Sami Siida,"Nutti Sami Siida reindeer farm, Jukkasjärvi, Norrbotten, Sweden",Sweden,67.8556,20.5883
photos/2026-01-22,VID-20260122-WA0352.mp4,jukkasjarvi_icehotel,ICEHOTEL,"ICEHOTEL, Marknadsvägen, Jukkasjärvi, Norrbotten, Sweden",Sweden,67.8498,20.595
photos/2026-01-22,VID-20260122-WA0353.mp4,jukkasjarvi_icehotel,ICEHOTEL,"ICEHOTEL, Marknadsvägen, Jukkasjärvi, Norrbotten, Sweden",Sweden,67.8498,20.595
photos/2026-01-22,VID-20260122-WA0365.mp4,jukkasjarvi_icehotel,ICEHOTEL,"ICEHOTEL, Marknadsvägen, Jukkasjärvi, Norrbotten, Sweden",Sweden,67.8498,20.595
photos/2026-01-22,VID-20260122-WA0366.mp4,jukkasjarvi_icehotel,ICEHOTEL,"ICEHOTEL, Marknadsvägen, Jukkasjärvi, Norrbotten, Sweden",Sweden,67.8498,20.595
photos/2026-01-22,VID-20260122-WA0367.mp4,jukkasjarvi_icehotel,ICEHOTEL,"ICEHOTEL, Marknadsvägen, Jukkasjärvi, Norrbotten, Sweden",Sweden,67.8498,20.595
photos/2026-01-22,VID-20260122-WA0368.mp4,jukkasjarvi_icehotel,ICEHOTEL,"ICEHOTEL, Marknadsvägen, Jukkasjärvi, Norrbotten, Sweden",Sweden,67.8498,20.595
photos/2026-01-23,20260123_102824.jpg,stockholm_generic,Stockholm,"Stockholm, Sweden",Sweden,59.3293,18.0686
photos/2026-01-23,20260123_102825.jpg,stockholm_generic,Stockholm,"Stockholm, Sweden",Sweden,59.3293,18.0686
photos/2026-01-23,20260123_115028.jpg,stockholm_royal_palace,Kungliga slottet,"Kungliga slottet (The Royal Palace), Gamla Stan, Stockholm, Sweden",Sweden,59.3227,18.0697
photos/2026-01-23,20260123_115037.jpg,stockholm_royal_palace,Kungliga slottet,"Kungliga slottet (The Royal Palace), Gamla Stan, Stockholm, Sweden",Sweden,59.3227,18.0697
photos/2026-01-23,20260123_115051.jpg,stockholm_royal_palace,Kungliga slottet,"Kungliga slottet (The Royal Palace), Gamla Stan, Stockholm, Sweden",Sweden,59.3227,18.0697
photos/2026-01-23,20260123_115055.jpg,stockholm_riksdag,Riksdagshuset,"Riksdagshuset (Parliament House), Helgeandsholmen, Stockholm, Sweden",Sweden,59.3232,18.0672
photos/2026-01-23,20260123_125540.jpg,stockholm_royal_palace,Kungliga slottet,"Kungliga slottet (The Royal Palace), Gamla Stan, Stockholm, Sweden",Sweden,59.3227,18.0697
photos/2026-01-23,20260123_125554.jpg,stockholm_royal_palace,Kungliga slottet,"Kungliga slottet (The Royal Palace), Gamla Stan, Stockholm, Sweden",Sweden,59.3227,18.0697
photos/2026-01-23,20260123_130105.jpg,stockholm_royal_palace,Kungliga slottet,"Kungliga slottet (The Royal Palace), Gamla Stan, Stockholm, Sweden",Sweden,59.3227,18.0697
photos/2026-01-23,20260123_130136.jpg,stockholm_royal_palace,Kungliga slottet,"Kungliga slottet (The Royal Palace), Gamla Stan, Stockholm, Sweden",Sweden,59.3227,18.0697
photos/2026-01-23,20260123_130201.jpg,stockholm_royal_palace,Kungliga slottet,"Kungliga slottet (The Royal Palace), Gamla Stan, Stockholm, Sweden",Sweden,59.3227,18.0697
photos/2026-01-23,20260123_130258.jpg,stockholm_royal_palace,Kungliga slottet,"Kungliga slottet (The Royal Palace), Gamla Stan, Stockholm, Sweden",Sweden,59.3227,18.0697
photos/2026-01-23,20260123_130405.jpg,stockholm_royal_palace,Kungliga slottet,"Kungliga slottet (The Royal Palace), Gamla Stan, Stockholm, Sweden",Sweden,59.3227,18.0697
photos/2026-01-23,20260123_130451.jpg,stockholm_royal_palace,Kungliga slottet,"Kungliga slottet (The Royal Palace), Gamla Stan, Stockholm, Sweden",Sweden,59.3227,18.0697
photos/2026-01-23,20260123_130531.jpg,stockholm_royal_palace_hall_of_state,Kungliga slottet,"Hall of State (Rikssalen), Kungliga slottet (Royal Palace), Gamla Stan, Stockholm, Sweden",Sweden,59.3227,18.0697
photos/2026-01-23,20260123_130545.jpg,stockholm_royal_palace_hall_of_state,Kungliga slottet,"Hall of State (Rikssalen), Kungliga slottet (Royal Palace), Gamla Stan, Stockholm, Sweden",Sweden,59.3227,18.0697
photos/2026-01-23,20260123_130618.jpg,stockholm_royal_palace_hall_of_state,Kungliga slottet,"Hall of State (Rikssalen), Kungliga slottet (Royal Palace), Gamla Stan, Stockholm, Sweden",Sweden,59.3227,18.0697
photos/2026-01-23,20260123_130631.jpg,stockholm_royal_palace_hall_of_state,Kungliga slottet,"Hall of State (Rikssalen), Kungliga slottet (Royal Palace), Gamla Stan, Stockholm, Sweden",Sweden,59.3227,18.0697
photos/2026-01-23,20260123_130737.jpg,stockholm_royal_palace_hall_of_state,Kungliga slottet,"Hall of State (Rikssalen), Kungliga slottet (Royal Palace), Gamla Stan, Stockholm, Sweden",Sweden,59.3227,18.0697
photos/2026-01-23,20260123_131144.jpg,stockholm_royal_palace,Kungliga slottet,"Kungliga slottet (The Royal Palace), Gamla Stan, Stockholm, Sweden",Sweden,59.3227,18.0697
photos/2026-01-23,20260123_131323.jpg,stockholm_royal_palace_antiquities,Kungliga slottet,"Gustav III's Museum of Antiquities, Kungliga slottet (Royal Palace), Gamla Stan, Stockholm, Sweden",Sweden,59.3227,18.0697
photos/2026-01-23,20260123_131327.jpg,stockholm_royal_palace,Kungliga slottet,"Kungliga slottet (The Royal Palace), Gamla Stan, Stockholm, Sweden",Sweden,59.3227,18.0697
photos/2026-01-23,20260123_131337.jpg,stockholm_royal_palace,Kungliga slottet,"Kungliga slottet (The Royal Palace), Gamla Stan, Stockholm, Sweden",Sweden,59.3227,18.0697
photos/2026-01-23,20260123_131428.jpg,stockholm_royal_palace_antiquities,Kungliga slottet,"Gustav III's Museum of Antiquities, Kungliga slottet (Royal Palace), Gamla Stan, Stockholm, Sweden",Sweden,59.3227,18.0697
photos/2026-01-23,20260123_132146.jpg,stockholm_royal_palace,Kungliga slottet,"Kungliga slottet (The Royal Palace), Gamla Stan, Stockholm, Sweden",Sweden,59.3227,18.0697
photos/2026-01-23,20260123_132335.jpg,stockholm_royal_palace,Kungliga slottet,"Kungliga slottet (The Royal Palace), Gamla Stan, Stockholm, Sweden",Sweden,59.3227,18.0697
photos/2026-01-23,20260123_132340.jpg,stockholm_royal_palace,Kungliga slottet,"Kungliga slottet (The Royal Palace), Gamla Stan, Stockholm, Sweden",Sweden,59.3227,18.0697
photos/2026-01-23,20260123_132511.jpg,stockholm_royal_palace,Kungliga slottet,"Kungliga slottet (The Royal Palace), Gamla Stan, Stockholm, Sweden",Sweden,59.3227,18.0697
photos/2026-01-23,20260123_132544.jpg,stockholm_royal_palace,Kungliga slottet,"Kungliga slottet (The Royal Palace), Gamla Stan, Stockholm, Sweden",Sweden,59.3227,18.0697
photos/2026-01-23,20260123_132555.jpg,stockholm_royal_palace,Kungliga slottet,"Kungliga slottet (The Royal Palace), Gamla Stan, Stockholm, Sweden",Sweden,59.3227,18.0697
photos/2026-01-23,20260123_132607.jpg,stockholm_royal_palace,Kungliga slottet,"Kungliga slottet (The Royal Palace), Gamla Stan, Stockholm, Sweden",Sweden,59.3227,18.0697
photos/2026-01-23,20260123_132620.jpg,stockholm_royal_palace,Kungliga slottet,"Kungliga slottet (The Royal Palace), Gamla Stan, Stockholm, Sweden",Sweden,59.3227,18.0697
photos/2026-01-23,20260123_132837.jpg,stockholm_royal_palace,Kungliga slottet,"Kungliga slottet (The Royal Palace), Gamla Stan, Stockholm, Sweden",Sweden,59.3227,18.0697
photos/2026-01-23,20260123_133128.jpg,stockholm_royal_palace,Kungliga slottet,"Kungliga slottet (The Royal Palace), Gamla Stan, Stockholm, Sweden",Sweden,59.3227,18.0697
photos/2026-01-23,20260123_133347.jpg,stockholm_royal_palace,Kungliga slottet,"Kungliga slottet (The Royal Palace), Gamla Stan, Stockholm, Sweden",Sweden,59.3227,18.0697
photos/2026-01-23,20260123_133353.jpg,stockholm_royal_palace,Kungliga slottet,"Kungliga slottet (The Royal Palace), Gamla Stan, Stockholm, Sweden",Sweden,59.3227,18.0697
photos/2026-01-23,20260123_133423.jpg,stockholm_royal_palace,Kungliga slottet,"Kungliga slottet (The Royal Palace), Gamla Stan, Stockholm, Sweden",Sweden,59.3227,18.0697
photos/2026-01-23,20260123_134429.jpg,stockholm_royal_palace,Kungliga slottet,"Kungliga slottet (The Royal Palace), Gamla Stan, Stockholm, Sweden",Sweden,59.3227,18.0697
photos/2026-01-23,20260123_134530.jpg,stockholm_royal_palace,Kungliga slottet,"Kungliga slottet (The Royal Palace), Gamla Stan, Stockholm, Sweden",Sweden,59.3227,18.0697
photos/2026-01-23,20260123_134634.jpg,stockholm_royal_palace,Kungliga slottet,"Kungliga slottet (The Royal Palace), Gamla Stan, Stockholm, Sweden",Sweden,59.3227,18.0697
photos/2026-01-23,20260123_134650.jpg,stockholm_royal_palace,Kungliga slottet,"Kungliga slottet (The Royal Palace), Gamla Stan, Stockholm, Sweden",Sweden,59.3227,18.0697
photos/2026-01-23,20260123_134747.jpg,stockholm_royal_palace,Kungliga slottet,"Kungliga slottet (The Royal Palace), Gamla Stan, Stockholm, Sweden",Sweden,59.3227,18.0697
photos/2026-01-23,20260123_134819.jpg,stockholm_royal_palace,Kungliga slottet,"Kungliga slottet (The Royal Palace), Gamla Stan, Stockholm, Sweden",Sweden,59.3227,18.0697
photos/2026-01-23,20260123_134909.jpg,stockholm_royal_palace,Kungliga slottet,"Kungliga slottet (The Royal Palace), Gamla Stan, Stockholm, Sweden",Sweden,59.3227,18.0697
photos/2026-01-23,20260123_135045.jpg,stockholm_royal_palace,Kungliga slottet,"Kungliga slottet (The Royal Palace), Gamla Stan, Stockholm, Sweden",Sweden,59.3227,18.0697
photos/2026-01-23,20260123_135304.jpg,stockholm_royal_palace,Kungliga slottet,"Kungliga slottet (The Royal Palace), Gamla Stan, Stockholm, Sweden",Sweden,59.3227,18.0697
photos/2026-01-23,20260123_135448.jpg,stockholm_royal_palace,Kungliga slottet,"Kungliga slottet (The Royal Palace), Gamla Stan, Stockholm, Sweden",Sweden,59.3227,18.0697
photos/2026-01-23,20260123_135701.jpg,stockholm_royal_palace,Kungliga slottet,"Kungliga slottet (The Royal Palace), Gamla Stan, Stockholm, Sweden",Sweden,59.3227,18.0697
photos/2026-01-23,20260123_135832.jpg,stockholm_royal_palace,Kungliga slottet,"Kungliga slottet (The Royal Palace), Gamla Stan, Stockholm, Sweden",Sweden,59.3227,18.0697
photos/2026-01-23,20260123_135904.jpg,stockholm_royal_palace,Kungliga slottet,"Kungliga slottet (The Royal Palace), Gamla Stan, Stockholm, Sweden",Sweden,59.3227,18.0697
photos/2026-01-23,20260123_141741.jpg,stockholm_royal_palace,Kungliga slottet,"Kungliga slottet (The Royal Palace), Gamla Stan, Stockholm, Sweden",Sweden,59.3227,18.0697
photos/2026-01-23,20260123_141758.jpg,stockholm_storkyrkan,Storkyrkan,"Storkyrkan (Stockholm Cathedral), Gamla Stan, Stockholm, Sweden",Sweden,59.3222,18.069
photos/2026-01-23,20260123_141817.jpg,stockholm_royal_palace,Kungliga slottet,"Kungliga slottet (The Royal Palace), Gamla Stan, Stockholm, Sweden",Sweden,59.3227,18.0697
photos/2026-01-23,20260123_142023.jpg,stockholm_gamla_stan_generic,Gamla Stan,"Gamla Stan (Stockholm's Old Town), Stockholm, Sweden",Sweden,59.3251,18.07
photos/2026-01-23,20260123_142051.jpg,stockholm_tyska_kyrkan,Tyska kyrkan,"Tyska kyrkan (German Church), Gamla Stan, Stockholm, Sweden",Sweden,59.3245,18.0728
photos/2026-01-23,20260123_142220.jpg,stockholm_generic,Stockholm,"Stockholm, Sweden",Sweden,59.3293,18.0686
photos/2026-01-23,20260123_142324.jpg,stockholm_national_museum,Nationalmuseum,"Nationalmuseum, Blasieholmen, Stockholm, Sweden",Sweden,59.33,18.0742
photos/2026-01-23,20260123_142448.jpg,stockholm_royal_palace,Kungliga slottet,"Kungliga slottet (The Royal Palace), Gamla Stan, Stockholm, Sweden",Sweden,59.3227,18.0697
photos/2026-01-23,20260123_152520.jpg,stockholm_royal_palace_treasury,Kungliga slottet,"Royal Treasury (Skattkammaren), Kungliga slottet (Royal Palace), Gamla Stan, Stockholm, Sweden",Sweden,59.3227,18.0697
photos/2026-01-23,20260123_152856.jpg,stockholm_royal_palace_treasury,Kungliga slottet,"Royal Treasury (Skattkammaren), Kungliga slottet (Royal Palace), Gamla Stan, Stockholm, Sweden",Sweden,59.3227,18.0697
photos/2026-01-23,20260123_152908.jpg,stockholm_royal_palace_treasury,Kungliga slottet,"Royal Treasury (Skattkammaren), Kungliga slottet (Royal Palace), Gamla Stan, Stockholm, Sweden",Sweden,59.3227,18.0697
photos/2026-01-23,20260123_153053.jpg,stockholm_royal_palace_treasury,Kungliga slottet,"Royal Treasury (Skattkammaren), Kungliga slottet (Royal Palace), Gamla Stan, Stockholm, Sweden",Sweden,59.3227,18.0697
photos/2026-01-23,20260123_153207.jpg,stockholm_royal_palace_treasury,Kungliga slottet,"Royal Treasury (Skattkammaren), Kungliga slottet (Royal Palace), Gamla Stan, Stockholm, Sweden",Sweden,59.3227,18.0697
photos/2026-01-23,20260123_153257.jpg,stockholm_royal_palace_treasury,Kungliga slottet,"Royal Treasury (Skattkammaren), Kungliga slottet (Royal Palace), Gamla Stan, Stockholm, Sweden",Sweden,59.3227,18.0697
photos/2026-01-23,20260123_153340.jpg,stockholm_royal_palace_treasury,Kungliga slottet,"Royal Treasury (Skattkammaren), Kungliga slottet (Royal Palace), Gamla Stan, Stockholm, Sweden",Sweden,59.3227,18.0697
photos/2026-01-23,20260123_153610.jpg,stockholm_royal_palace_treasury,Kungliga slottet,"Royal Treasury (Skattkammaren), Kungliga slottet (Royal Palace), Gamla Stan, Stockholm, Sweden",Sweden,59.3227,18.0697
photos/2026-01-23,20260123_154113.jpg,stockholm_royal_palace_treasury,Kungliga slottet,"Royal Treasury (Skattkammaren), Kungliga slottet (Royal Palace), Gamla Stan, Stockholm, Sweden",Sweden,59.3227,18.0697
photos/2026-01-23,20260123_154132.jpg,stockholm_royal_palace,Kungliga slottet,"Kungliga slottet (The Royal Palace), Gamla Stan, Stockholm, Sweden",Sweden,59.3227,18.0697
photos/2026-01-23,20260123_154222.jpg,stockholm_royal_palace,Kungliga slottet,"Kungliga slottet (The Royal Palace), Gamla Stan, Stockholm, Sweden",Sweden,59.3227,18.0697
photos/2026-01-23,20260123_154329.jpg,stockholm_royal_palace,Kungliga slottet,"Kungliga slottet (The Royal Palace), Gamla Stan, Stockholm, Sweden",Sweden,59.3227,18.0697
photos/2026-01-23,20260123_160505.jpg,stockholm_kungstradgarden,Kungsträdgården,"Kungsträdgården, Norrmalm, Stockholm, Sweden",Sweden,59.3313,18.0722
photos/2026-01-23,20260123_163327.jpg,stockholm_generic,Stockholm,"Stockholm, Sweden",Sweden,59.3293,18.0686
photos/2026-01-23,20260123_185920.jpg,stockholm_generic,Stockholm,"Stockholm, Sweden",Sweden,59.3293,18.0686
photos/2026-01-23,20260123_190725.jpg,stockholm_generic,Stockholm,"Stockholm, Sweden",Sweden,59.3293,18.0686
photos/2026-01-23,20260123_231557.jpg,stockholm_generic,Stockholm,"Stockholm, Sweden",Sweden,59.3293,18.0686
photos/2026-01-23,IMG-20260123-WA0006.jpg,jukkasjarvi_icehotel,ICEHOTEL,"ICEHOTEL, Marknadsvägen, Jukkasjärvi, Norrbotten, Sweden",Sweden,67.8498,20.595
photos/2026-01-24,20260124_102433.jpg,stockholm_vasa_museum,Vasamuseet,"Vasa Museum (Vasamuseet), Djurgården, Stockholm, Sweden",Sweden,59.328,18.0914
photos/2026-01-24,20260124_102919.jpg,stockholm_vasa_museum,Vasamuseet,"Vasa Museum (Vasamuseet), Djurgården, Stockholm, Sweden",Sweden,59.328,18.0914
photos/2026-01-24,20260124_112556.jpg,stockholm_vasa_museum,Vasamuseet,"Vasa Museum (Vasamuseet), Djurgården, Stockholm, Sweden",Sweden,59.328,18.0914
photos/2026-01-24,20260124_112610.jpg,stockholm_vasa_museum,Vasamuseet,"Vasa Museum (Vasamuseet), Djurgården, Stockholm, Sweden",Sweden,59.328,18.0914
photos/2026-01-24,20260124_112657.jpg,stockholm_vasa_museum,Vasamuseet,"Vasa Museum (Vasamuseet), Djurgården, Stockholm, Sweden",Sweden,59.328,18.0914
photos/2026-01-24,20260124_112711.jpg,stockholm_vasa_museum,Vasamuseet,"Vasa Museum (Vasamuseet), Djurgården, Stockholm, Sweden",Sweden,59.328,18.0914
photos/2026-01-24,20260124_112731.jpg,stockholm_vasa_museum,Vasamuseet,"Vasa Museum (Vasamuseet), Djurgården, Stockholm, Sweden",Sweden,59.328,18.0914
photos/2026-01-24,20260124_112834.jpg,stockholm_vasa_museum,Vasamuseet,"Vasa Museum (Vasamuseet), Djurgården, Stockholm, Sweden",Sweden,59.328,18.0914
photos/2026-01-24,20260124_112902.jpg,stockholm_vasa_museum,Vasamuseet,"Vasa Museum (Vasamuseet), Djurgården, Stockholm, Sweden",Sweden,59.328,18.0914
photos/2026-01-24,20260124_113058.jpg,stockholm_vasa_museum,Vasamuseet,"Vasa Museum (Vasamuseet), Djurgården, Stockholm, Sweden",Sweden,59.328,18.0914
photos/2026-01-24,20260124_113214.jpg,stockholm_vasa_museum,Vasamuseet,"Vasa Museum (Vasamuseet), Djurgården, Stockholm, Sweden",Sweden,59.328,18.0914
photos/2026-01-24,20260124_113311.jpg,stockholm_vasa_museum,Vasamuseet,"Vasa Museum (Vasamuseet), Djurgården, Stockholm, Sweden",Sweden,59.328,18.0914
photos/2026-01-24,20260124_113343.jpg,stockholm_vasa_museum,Vasamuseet,"Vasa Museum (Vasamuseet), Djurgården, Stockholm, Sweden",Sweden,59.328,18.0914
photos/2026-01-24,20260124_113358.jpg,stockholm_vasa_museum,Vasamuseet,"Vasa Museum (Vasamuseet), Djurgården, Stockholm, Sweden",Sweden,59.328,18.0914
photos/2026-01-24,20260124_115530.jpg,stockholm_vasa_museum,Vasamuseet,"Vasa Museum (Vasamuseet), Djurgården, Stockholm, Sweden",Sweden,59.328,18.0914
photos/2026-01-24,20260124_115616.jpg,stockholm_vasa_museum,Vasamuseet,"Vasa Museum (Vasamuseet), Djurgården, Stockholm, Sweden",Sweden,59.328,18.0914
photos/2026-01-24,20260124_115855.jpg,stockholm_vasa_museum,Vasamuseet,"Vasa Museum (Vasamuseet), Djurgården, Stockholm, Sweden",Sweden,59.328,18.0914
photos/2026-01-24,20260124_120115.jpg,stockholm_vasa_museum,Vasamuseet,"Vasa Museum (Vasamuseet), Djurgården, Stockholm, Sweden",Sweden,59.328,18.0914
photos/2026-01-24,20260124_122808.jpg,stockholm_vasa_museum,Vasamuseet,"Vasa Museum (Vasamuseet), Djurgården, Stockholm, Sweden",Sweden,59.328,18.0914
photos/2026-01-24,20260124_123705.jpg,stockholm_nordic_museum,Nordiska museet,"Nordic Museum (Nordiska museet), Djurgården, Stockholm, Sweden",Sweden,59.3256,18.0956
photos/2026-01-24,20260124_124129.jpg,stockholm_djurgarden_generic,Djurgården,"Djurgården, Stockholm, Sweden",Sweden,59.327,18.095
photos/2026-01-24,20260124_124700.jpg,stockholm_djurgarden_generic,Djurgården,"Djurgården, Stockholm, Sweden",Sweden,59.327,18.095
photos/2026-01-24,20260124_132031.jpg,stockholm_viking_museum,Vikingaliv,"The Viking Museum (Vikingaliv), Djurgården, Stockholm, Sweden",Sweden,59.3247,18.0928
photos/2026-01-24,20260124_132041.jpg,stockholm_viking_museum,Vikingaliv,"The Viking Museum (Vikingaliv), Djurgården, Stockholm, Sweden",Sweden,59.3247,18.0928
photos/2026-01-24,20260124_135214.jpg,stockholm_viking_museum,Vikingaliv,"The Viking Museum (Vikingaliv), Djurgården, Stockholm, Sweden",Sweden,59.3247,18.0928
photos/2026-01-24,20260124_135239.jpg,stockholm_viking_museum,Vikingaliv,"The Viking Museum (Vikingaliv), Djurgården, Stockholm, Sweden",Sweden,59.3247,18.0928
photos/2026-01-24,20260124_150614.jpg,stockholm_gamla_stan_generic,Gamla Stan,"Gamla Stan (Stockholm's Old Town), Stockholm, Sweden",Sweden,59.3251,18.07
photos/2026-01-24,20260124_151543.jpg,stockholm_generic,Stockholm,"Stockholm, Sweden",Sweden,59.3293,18.0686
photos/2026-01-24,20260124_151610.jpg,stockholm_generic,Stockholm,"Stockholm, Sweden",Sweden,59.3293,18.0686
photos/2026-01-24,20260124_152431.jpg,stockholm_generic,Stockholm,"Stockholm, Sweden",Sweden,59.3293,18.0686
photos/2026-01-25,20260125_092412.jpg,stockholm_riddarholmen_church,Riddarholmen,"Riddarholmen Church (Riddarholmskyrkan), Riddarholmen, Stockholm, Sweden",Sweden,59.3215,18.0588
photos/2026-01-25,20260125_092428.jpg,stockholm_royal_opera_klara,Gustav Adolfs torg,"Royal Opera House / Klara kyrka area, Norrmalm, Stockholm, Sweden",Sweden,59.3298,18.0706
photos/2026-01-25,20260125_093528.jpg,stockholm_gamla_stan_generic,Gamla Stan,"Gamla Stan (Stockholm's Old Town), Stockholm, Sweden",Sweden,59.3251,18.07
photos/2026-01-25,20260125_093602.jpg,stockholm_storkyrkan,Storkyrkan,"Storkyrkan (Stockholm Cathedral), Gamla Stan, Stockholm, Sweden",Sweden,59.3222,18.069
photos/2026-01-25,20260125_094702.jpg,stockholm_storkyrkan,Storkyrkan,"Storkyrkan (Stockholm Cathedral), Gamla Stan, Stockholm, Sweden",Sweden,59.3222,18.069
photos/2026-01-25,20260125_095333.jpg,stockholm_storkyrkan,Storkyrkan,"Storkyrkan (Stockholm Cathedral), Gamla Stan, Stockholm, Sweden",Sweden,59.3222,18.069
photos/2026-01-25,20260125_095400.jpg,stockholm_storkyrkan,Storkyrkan,"Storkyrkan (Stockholm Cathedral), Gamla Stan, Stockholm, Sweden",Sweden,59.3222,18.069
photos/2026-01-25,20260125_095518.jpg,stockholm_storkyrkan,Storkyrkan,"Storkyrkan (Stockholm Cathedral), Gamla Stan, Stockholm, Sweden",Sweden,59.3222,18.069
photos/2026-01-25,20260125_095726.jpg,stockholm_storkyrkan,Storkyrkan,"Storkyrkan (Stockholm Cathedral), Gamla Stan, Stockholm, Sweden",Sweden,59.3222,18.069
photos/2026-01-25,20260125_095848.jpg,stockholm_storkyrkan,Storkyrkan,"Storkyrkan (Stockholm Cathedral), Gamla Stan, Stockholm, Sweden",Sweden,59.3222,18.069
photos/2026-01-25,20260125_095915.jpg,stockholm_storkyrkan,Storkyrkan,"Storkyrkan (Stockholm Cathedral), Gamla Stan, Stockholm, Sweden",Sweden,59.3222,18.069
photos/2026-01-25,20260125_095956.jpg,stockholm_storkyrkan,Storkyrkan,"Storkyrkan (Stockholm Cathedral), Gamla Stan, Stockholm, Sweden",Sweden,59.3222,18.069
photos/2026-01-25,20260125_100047.jpg,stockholm_storkyrkan,Storkyrkan,"Storkyrkan (Stockholm Cathedral), Gamla Stan, Stockholm, Sweden",Sweden,59.3222,18.069
photos/2026-01-25,20260125_100136.jpg,stockholm_storkyrkan,Storkyrkan,"Storkyrkan (Stockholm Cathedral), Gamla Stan, Stockholm, Sweden",Sweden,59.3222,18.069
photos/2026-01-25,20260125_100307-EDIT.jpg,stockholm_storkyrkan,Storkyrkan,"Storkyrkan (Stockholm Cathedral), Gamla Stan, Stockholm, Sweden",Sweden,59.3222,18.069
photos/2026-01-25,20260125_100322-EDIT.jpg,stockholm_storkyrkan,Storkyrkan,"Storkyrkan (Stockholm Cathedral), Gamla Stan, Stockholm, Sweden",Sweden,59.3222,18.069
photos/2026-01-25,20260125_100421.jpg,stockholm_storkyrkan,Storkyrkan,"Storkyrkan (Stockholm Cathedral), Gamla Stan, Stockholm, Sweden",Sweden,59.3222,18.069
photos/2026-01-25,20260125_100436.jpg,stockholm_storkyrkan,Storkyrkan,"Storkyrkan (Stockholm Cathedral), Gamla Stan, Stockholm, Sweden",Sweden,59.3222,18.069
photos/2026-01-25,20260125_100715.jpg,stockholm_storkyrkan,Storkyrkan,"Storkyrkan (Stockholm Cathedral), Gamla Stan, Stockholm, Sweden",Sweden,59.3222,18.069
photos/2026-01-25,20260125_100819.jpg,stockholm_storkyrkan,Storkyrkan,"Storkyrkan (Stockholm Cathedral), Gamla Stan, Stockholm, Sweden",Sweden,59.3222,18.069
photos/2026-01-25,20260125_100841-EDIT.jpg,stockholm_storkyrkan,Storkyrkan,"Storkyrkan (Stockholm Cathedral), Gamla Stan, Stockholm, Sweden",Sweden,59.3222,18.069
photos/2026-01-25,20260125_101038-EDIT.jpg,stockholm_storkyrkan,Storkyrkan,"Storkyrkan (Stockholm Cathedral), Gamla Stan, Stockholm, Sweden",Sweden,59.3222,18.069
photos/2026-01-25,20260125_101240.mp4,stockholm_storkyrkan,Storkyrkan,"Storkyrkan (Stockholm Cathedral), Gamla Stan, Stockholm, Sweden",Sweden,59.3222,18.069
photos/2026-01-25,20260125_101603.mp4,stockholm_storkyrkan,Storkyrkan,"Storkyrkan (Stockholm Cathedral), Gamla Stan, Stockholm, Sweden",Sweden,59.3222,18.069
photos/2026-01-25,20260125_101840.jpg,stockholm_storkyrkan,Storkyrkan,"Storkyrkan (Stockholm Cathedral), Gamla Stan, Stockholm, Sweden",Sweden,59.3222,18.069
photos/2026-01-25,20260125_102209.jpg,stockholm_generic,Stockholm,"Stockholm, Sweden",Sweden,59.3293,18.0686
photos/2026-01-25,20260125_102453.jpg,stockholm_stortorget,Stortorget,"Stortorget, Gamla Stan, Stockholm, Sweden",Sweden,59.3251,18.0708
photos/2026-01-25,20260125_102822.jpg,stockholm_storkyrkan,Storkyrkan,"Storkyrkan (Stockholm Cathedral), Gamla Stan, Stockholm, Sweden",Sweden,59.3222,18.069
photos/2026-01-25,20260125_104258.jpg,stockholm_gamla_stan_generic,Gamla Stan,"Gamla Stan (Stockholm's Old Town), Stockholm, Sweden",Sweden,59.3251,18.07
photos/2026-01-25,20260125_104524.jpg,stockholm_riddarholmen_church,Riddarholmen,"Riddarholmen Church (Riddarholmskyrkan), Riddarholmen, Stockholm, Sweden",Sweden,59.3215,18.0588
photos/2026-01-25,20260125_111422.jpg,stockholm_city_hall,Stadshuset,"Stockholm City Hall (Stadshuset), Kungsholmen, Stockholm, Sweden",Sweden,59.3232,18.053
photos/2026-01-25,20260125_111450.jpg,stockholm_city_hall,Stadshuset,"Stockholm City Hall (Stadshuset), Kungsholmen, Stockholm, Sweden",Sweden,59.3232,18.053
photos/2026-01-25,20260125_112400.jpg,stockholm_city_hall,Stadshuset,"Stockholm City Hall (Stadshuset), Kungsholmen, Stockholm, Sweden",Sweden,59.3232,18.053
photos/2026-01-25,20260125_112732.jpg,stockholm_city_hall,Stadshuset,"Stockholm City Hall (Stadshuset), Kungsholmen, Stockholm, Sweden",Sweden,59.3232,18.053
photos/2026-01-25,20260125_112828.jpg,stockholm_city_hall,Stadshuset,"Stockholm City Hall (Stadshuset), Kungsholmen, Stockholm, Sweden",Sweden,59.3232,18.053
photos/2026-01-25,20260125_112856.jpg,stockholm_riddarholmen_church,Riddarholmen,"Riddarholmen Church (Riddarholmskyrkan), Riddarholmen, Stockholm, Sweden",Sweden,59.3215,18.0588
photos/2026-01-25,20260125_113000.jpg,stockholm_city_hall,Stadshuset,"Stockholm City Hall (Stadshuset), Kungsholmen, Stockholm, Sweden",Sweden,59.3232,18.053
photos/2026-01-25,20260125_113115.jpg,stockholm_city_hall,Stadshuset,"Stockholm City Hall (Stadshuset), Kungsholmen, Stockholm, Sweden",Sweden,59.3232,18.053
photos/2026-01-25,20260125_113710.jpg,stockholm_city_hall,Stadshuset,"Stockholm City Hall (Stadshuset), Kungsholmen, Stockholm, Sweden",Sweden,59.3232,18.053
photos/2026-01-25,20260125_113949.jpg,stockholm_city_hall,Stadshuset,"Stockholm City Hall (Stadshuset), Kungsholmen, Stockholm, Sweden",Sweden,59.3232,18.053
photos/2026-01-25,20260125_114913.jpg,stockholm_city_hall,Stadshuset,"Stockholm City Hall (Stadshuset), Kungsholmen, Stockholm, Sweden",Sweden,59.3232,18.053
photos/2026-01-25,20260125_114947.jpg,stockholm_city_hall,Stadshuset,"Stockholm City Hall (Stadshuset), Kungsholmen, Stockholm, Sweden",Sweden,59.3232,18.053
photos/2026-01-25,20260125_115650.jpg,stockholm_city_hall,Stadshuset,"Stockholm City Hall (Stadshuset), Kungsholmen, Stockholm, Sweden",Sweden,59.3232,18.053
photos/2026-01-25,20260125_120058.jpg,stockholm_city_hall,Stadshuset,"Stockholm City Hall (Stadshuset), Kungsholmen, Stockholm, Sweden",Sweden,59.3232,18.053
photos/2026-01-25,20260125_121017.jpg,stockholm_city_hall,Stadshuset,"Stockholm City Hall (Stadshuset), Kungsholmen, Stockholm, Sweden",Sweden,59.3232,18.053
photos/2026-01-25,20260125_121858.jpg,stockholm_city_hall,Stadshuset,"Stockholm City Hall (Stadshuset), Kungsholmen, Stockholm, Sweden",Sweden,59.3232,18.053
photos/2026-01-25,20260125_122309.jpg,stockholm_riksdag,Riksdagshuset,"Riksdagshuset (Parliament House), Helgeandsholmen, Stockholm, Sweden",Sweden,59.3232,18.0672
photos/2026-01-25,20260125_122400.jpg,stockholm_riksdag,Riksdagshuset,"Riksdagshuset (Parliament House), Helgeandsholmen, Stockholm, Sweden",Sweden,59.3232,18.0672
photos/2026-01-25,20260125_122424.jpg,stockholm_riksdag,Riksdagshuset,"Riksdagshuset (Parliament House), Helgeandsholmen, Stockholm, Sweden",Sweden,59.3232,18.0672
photos/2026-01-25,20260125_122551.jpg,stockholm_riksdag,Riksdagshuset,"Riksdagshuset (Parliament House), Helgeandsholmen, Stockholm, Sweden",Sweden,59.3232,18.0672
photos/2026-01-25,20260125_123609.jpg,stockholm_riksdag,Riksdagshuset,"Riksdagshuset (Parliament House), Helgeandsholmen, Stockholm, Sweden",Sweden,59.3232,18.0672
photos/2026-01-25,20260125_123658.jpg,stockholm_riksdag,Riksdagshuset,"Riksdagshuset (Parliament House), Helgeandsholmen, Stockholm, Sweden",Sweden,59.3232,18.0672
photos/2026-01-25,20260125_123805.jpg,stockholm_riksdag,Riksdagshuset,"Riksdagshuset (Parliament House), Helgeandsholmen, Stockholm, Sweden",Sweden,59.3232,18.0672
photos/2026-01-25,20260125_123826.jpg,stockholm_riksdag,Riksdagshuset,"Riksdagshuset (Parliament House), Helgeandsholmen, Stockholm, Sweden",Sweden,59.3232,18.0672
photos/2026-01-25,20260125_124024.jpg,stockholm_riksdag,Riksdagshuset,"Riksdagshuset (Parliament House), Helgeandsholmen, Stockholm, Sweden",Sweden,59.3232,18.0672
photos/2026-01-25,20260125_124226.jpg,stockholm_city_hall_golden_hall,Stadshuset,"Golden Hall (Gyllene salen), Stockholm City Hall (Stadshuset), Kungsholmen, Stockholm, Sweden",Sweden,59.3232,18.053
photos/2026-01-25,20260125_124251.jpg,stockholm_city_hall_golden_hall,Stadshuset,"Golden Hall (Gyllene salen), Stockholm City Hall (Stadshuset), Kungsholmen, Stockholm, Sweden",Sweden,59.3232,18.053
photos/2026-01-25,20260125_124331.jpg,stockholm_city_hall_golden_hall,Stadshuset,"Golden Hall (Gyllene salen), Stockholm City Hall (Stadshuset), Kungsholmen, Stockholm, Sweden",Sweden,59.3232,18.053
photos/2026-01-25,20260125_124412.jpg,stockholm_city_hall_golden_hall,Stadshuset,"Golden Hall (Gyllene salen), Stockholm City Hall (Stadshuset), Kungsholmen, Stockholm, Sweden",Sweden,59.3232,18.053
photos/2026-01-25,20260125_124431.jpg,stockholm_city_hall_golden_hall,Stadshuset,"Golden Hall (Gyllene salen), Stockholm City Hall (Stadshuset), Kungsholmen, Stockholm, Sweden",Sweden,59.3232,18.053
photos/2026-01-25,20260125_124613.jpg,stockholm_city_hall_golden_hall,Stadshuset,"Golden Hall (Gyllene salen), Stockholm City Hall (Stadshuset), Kungsholmen, Stockholm, Sweden",Sweden,59.3232,18.053
photos/2026-01-25,20260125_124655.jpg,stockholm_city_hall_golden_hall,Stadshuset,"Golden Hall (Gyllene salen), Stockholm City Hall (Stadshuset), Kungsholmen, Stockholm, Sweden",Sweden,59.3232,18.053
photos/2026-01-25,20260125_124804.jpg,stockholm_city_hall_golden_hall,Stadshuset,"Golden Hall (Gyllene salen), Stockholm City Hall (Stadshuset), Kungsholmen, Stockholm, Sweden",Sweden,59.3232,18.053
photos/2026-01-25,20260125_125026.jpg,stockholm_city_hall,Stadshuset,"Stockholm City Hall (Stadshuset), Kungsholmen, Stockholm, Sweden",Sweden,59.3232,18.053
photos/2026-01-25,20260125_125552.jpg,stockholm_city_hall_golden_hall,Stadshuset,"Golden Hall (Gyllene salen), Stockholm City Hall (Stadshuset), Kungsholmen, Stockholm, Sweden",Sweden,59.3232,18.053
photos/2026-01-25,20260125_125616.jpg,stockholm_city_hall_golden_hall,Stadshuset,"Golden Hall (Gyllene salen), Stockholm City Hall (Stadshuset), Kungsholmen, Stockholm, Sweden",Sweden,59.3232,18.053
photos/2026-01-25,20260125_125634.jpg,stockholm_city_hall_golden_hall,Stadshuset,"Golden Hall (Gyllene salen), Stockholm City Hall (Stadshuset), Kungsholmen, Stockholm, Sweden",Sweden,59.3232,18.053
photos/2026-01-25,20260125_125707.jpg,stockholm_city_hall,Stadshuset,"Stockholm City Hall (Stadshuset), Kungsholmen, Stockholm, Sweden",Sweden,59.3232,18.053
photos/2026-01-25,20260125_130920.jpg,stockholm_city_hall,Stadshuset,"Stockholm City Hall (Stadshuset), Kungsholmen, Stockholm, Sweden",Sweden,59.3232,18.053
photos/2026-01-25,20260125_151457.jpg,stockholm_vaxholm_fortress,Vaxholm,"Vaxholm Fortress (Vaxholms fästning), Vaxholm, Stockholm archipelago, Sweden",Sweden,59.4044,18.3475
photos/2026-01-25,20260125_151607.jpg,stockholm_vaxholm_fortress,Vaxholm,"Vaxholm Fortress (Vaxholms fästning), Vaxholm, Stockholm archipelago, Sweden",Sweden,59.4044,18.3475
photos/2026-01-25,20260125_152931.jpg,stockholm_vaxholm_generic,Vaxholm,"Vaxholm, Stockholm archipelago, Sweden",Sweden,59.4022,18.3529
photos/2026-01-25,20260125_154120.jpg,stockholm_vaxholm_generic,Vaxholm,"Vaxholm, Stockholm archipelago, Sweden",Sweden,59.4022,18.3529
photos/2026-01-25,20260125_170240.jpg,stockholm_vaxholm_generic,Vaxholm,"Vaxholm, Stockholm archipelago, Sweden",Sweden,59.4022,18.3529
photos/2026-01-26,20260126_110249.jpg,stockholm_generic,Stockholm,"Stockholm, Sweden",Sweden,59.3293,18.0686
photos/2026-01-26,20260126_153955.jpg,(none),,,,,
photos/2026-01-26,20260126_154048.jpg,(none),,,,,
photos/2026-01-26,20260126_180847.jpg,(none),,,,,
photos/2026-01-26,20260126_180944.jpg,(none),,,,,
photos/2026-01-26,IMG-20260126-WA0007.jpg,(none),,,,,
photos/2026-01-26,IMG-20260126-WA0008.jpg,(none),,,,,
photos/2026-01-26,IMG-20260126-WA0009.jpg,(none),,,,,
photos/2026-01-26,IMG-20260126-WA0014.jpg,(none),,,,,
photos/2026-01-26,IMG-20260126-WA0015.jpg,(none),,,,,
photos/2026-01-26,IMG-20260126-WA0016.jpg,(none),,,,,
photos/2026-01-26,IMG-20260126-WA0017.jpg,(none),,,,,
photos/2026-01-26,IMG-20260126-WA0027.jpg,(none),,,,,
photos/2026-01-26,IMG-20260126-WA0030.jpg,(none),,,,,
photos/2026-01-26,IMG-20260126-WA0031.jpg,(none),,,,,
photos/2026-01-26,IMG-20260126-WA0032.jpg,(none),,,,,
photos/2026-01-26,IMG-20260126-WA0036.jpg,abisko_sky_station,Aurora Sky Station,"Aurora Sky Station, Mount Nuolja, Abisko, Norrbotten, Sweden",Sweden,68.3546,18.7894
photos/2026-01-26,IMG-20260126-WA0039.jpg,(none),,,,,
photos/2026-01-26,IMG-20260126-WA0042.jpg,(none),,,,,
photos/2026-01-26,IMG-20260126-WA0043.jpg,(none),,,,,
photos/2026-01-26,IMG-20260126-WA0044.jpg,abisko_sky_station,Aurora Sky Station,"Aurora Sky Station, Mount Nuolja, Abisko, Norrbotten, Sweden",Sweden,68.3546,18.7894
photos/2026-01-26,IMG-20260126-WA0046.jpg,(none),,,,,
photos/2026-01-26,IMG-20260126-WA0050.jpg,(none),,,,,
photos/2026-01-26,IMG-20260126-WA0053.jpg,(none),,,,,
photos/2026-01-26,IMG-20260126-WA0056.jpg,(none),,,,,
photos/2026-01-26,IMG-20260126-WA0059.jpg,stockholm_waxholms_hotell,Vaxholm,"Waxholms Hotell, Vaxholm, Stockholm archipelago, Sweden",Sweden,59.4022,18.3529
photos/2026-01-26,IMG-20260126-WA0063.jpg,stockholm_vaxholm_fortress,Vaxholm,"Vaxholm Fortress (Vaxholms fästning), Vaxholm, Stockholm archipelago, Sweden",Sweden,59.4044,18.3475
photos/2026-01-26,IMG-20260126-WA0065.jpg,stockholm_vaxholm_generic,Vaxholm,"Vaxholm, Stockholm archipelago, Sweden",Sweden,59.4022,18.3529
photos/2026-01-26,IMG-20260126-WA0066.jpg,stockholm_royal_palace,Kungliga slottet,"Kungliga slottet (The Royal Palace), Gamla Stan, Stockholm, Sweden",Sweden,59.3227,18.0697
photos/2026-01-26,IMG-20260126-WA0067.jpg,stockholm_royal_palace,Kungliga slottet,"Kungliga slottet (The Royal Palace), Gamla Stan, Stockholm, Sweden",Sweden,59.3227,18.0697
photos/2026-01-26,IMG-20260126-WA0087.jpg,stockholm_city_hall_golden_hall,Stadshuset,"Golden Hall (Gyllene salen), Stockholm City Hall (Stadshuset), Kungsholmen, Stockholm, Sweden",Sweden,59.3232,18.053
photos/2026-01-26,IMG-20260126-WA0102.jpg,stockholm_riddarholmen_generic,Riddarholmen,"Riddarholmen, Stockholm, Sweden",Sweden,59.3218,18.06
photos/2026-01-26,IMG-20260126-WA0103.jpg,stockholm_vaxholm_fortress,Vaxholm,"Vaxholm Fortress (Vaxholms fästning), Vaxholm, Stockholm archipelago, Sweden",Sweden,59.4044,18.3475
photos/2026-01-26,IMG-20260126-WA0105.jpg,stockholm_city_hall_golden_hall,Stadshuset,"Golden Hall (Gyllene salen), Stockholm City Hall (Stadshuset), Kungsholmen, Stockholm, Sweden",Sweden,59.3232,18.053
photos/2026-01-26,IMG-20260126-WA0107.jpg,stockholm_generic,Stockholm,"Stockholm, Sweden",Sweden,59.3293,18.0686
photos/2026-01-26,IMG-20260126-WA0110.jpg,stockholm_riksdag,Riksdagshuset,"Riksdagshuset (Parliament House), Helgeandsholmen, Stockholm, Sweden",Sweden,59.3232,18.0672
photos/2026-01-26,IMG-20260126-WA0111.jpg,stockholm_vaxholm_fortress,Vaxholm,"Vaxholm Fortress (Vaxholms fästning), Vaxholm, Stockholm archipelago, Sweden",Sweden,59.4044,18.3475
photos/2026-01-26,IMG-20260126-WA0119.jpg,stockholm_riddarholmen_generic,Riddarholmen,"Riddarholmen, Stockholm, Sweden",Sweden,59.3218,18.06
photos/2026-01-26,IMG-20260126-WA0122.jpg,stockholm_generic,Stockholm,"Stockholm, Sweden",Sweden,59.3293,18.0686
photos/2026-01-26,IMG-20260126-WA0127.jpg,stockholm_riddarholmen_church,Riddarholmen,"Riddarholmen Church (Riddarholmskyrkan), Riddarholmen, Stockholm, Sweden",Sweden,59.3215,18.0588
photos/2026-01-26,IMG-20260126-WA0128.jpg,stockholm_riddarholmen_church,Riddarholmen,"Riddarholmen Church (Riddarholmskyrkan), Riddarholmen, Stockholm, Sweden",Sweden,59.3215,18.0588
photos/2026-01-26,IMG-20260126-WA0129.jpg,stockholm_riddarholmen_church,Riddarholmen,"Riddarholmen Church (Riddarholmskyrkan), Riddarholmen, Stockholm, Sweden",Sweden,59.3215,18.0588
photos/2026-01-26,IMG-20260126-WA0130.jpg,stockholm_tyska_kyrkan,Tyska kyrkan,"Tyska kyrkan (German Church), Gamla Stan, Stockholm, Sweden",Sweden,59.3245,18.0728
photos/2026-01-26,IMG-20260126-WA0131.jpg,stockholm_city_hall,Stadshuset,"Stockholm City Hall (Stadshuset), Kungsholmen, Stockholm, Sweden",Sweden,59.3232,18.053
photos/2026-01-26,IMG-20260126-WA0132.jpg,stockholm_city_hall,Stadshuset,"Stockholm City Hall (Stadshuset), Kungsholmen, Stockholm, Sweden",Sweden,59.3232,18.053
photos/2026-01-26,IMG-20260126-WA0133.jpg,(none),,,,,
photos/2026-01-26,IMG-20260126-WA0134.jpg,stockholm_city_hall,Stadshuset,"Stockholm City Hall (Stadshuset), Kungsholmen, Stockholm, Sweden",Sweden,59.3232,18.053
photos/2026-01-26,IMG-20260126-WA0136.jpg,stockholm_city_hall_blue_hall,Stadshuset,"Blue Hall, Stockholm City Hall (Stadshuset), Kungsholmen, Stockholm, Sweden",Sweden,59.3232,18.053
photos/2026-01-26,IMG-20260126-WA0137.jpg,stockholm_city_hall,Stadshuset,"Stockholm City Hall (Stadshuset), Kungsholmen, Stockholm, Sweden",Sweden,59.3232,18.053
photos/2026-01-26,IMG-20260126-WA0138.jpg,stockholm_stortorget,Stortorget,"Stortorget, Gamla Stan, Stockholm, Sweden",Sweden,59.3251,18.0708
photos/2026-01-26,IMG-20260126-WA0139.jpg,(none),,,,,
photos/2026-01-26,IMG-20260126-WA0140.jpg,stockholm_riksdag,Riksdagshuset,"Riksdagshuset (Parliament House), Helgeandsholmen, Stockholm, Sweden",Sweden,59.3232,18.0672
photos/2026-01-26,IMG-20260126-WA0141.jpg,stockholm_generic,Stockholm,"Stockholm, Sweden",Sweden,59.3293,18.0686
photos/2026-01-26,IMG-20260126-WA0143.jpg,stockholm_city_hall_golden_hall,Stadshuset,"Golden Hall (Gyllene salen), Stockholm City Hall (Stadshuset), Kungsholmen, Stockholm, Sweden",Sweden,59.3232,18.053
photos/2026-01-27,20260127_100657.jpg,(none),,,,,
photos/2026-01-30,20260130_134452.jpg,(none),,,,,
photos/2026-01-30,IMG-20260130-WA0002.jpg,reykjavik_generic,Reykjavík,"101 Reykjavík, Höfuðborgarsvæði, Iceland",Iceland,64.1466,-21.9426
photos/2026-01-30,IMG-20260130-WA0005.jpg,sun_voyager,Sæbraut,"Sólfar (Sun Voyager), Sæbraut, 101, Reykjavík, Höfuðborgarsvæði, Iceland",Iceland,64.1419,-21.92
photos/2026-01-30,IMG-20260130-WA0008.jpg,reykjavik_generic,Reykjavík,"101 Reykjavík, Höfuðborgarsvæði, Iceland",Iceland,64.1466,-21.9426
photos/2026-01-30,IMG-20260130-WA0014.jpg,reykjavik_generic,Reykjavík,"101 Reykjavík, Höfuðborgarsvæði, Iceland",Iceland,64.1466,-21.9426
photos/2026-01-30,IMG-20260130-WA0017.jpg,reykjavik_generic,Reykjavík,"101 Reykjavík, Höfuðborgarsvæði, Iceland",Iceland,64.1466,-21.9426
photos/2026-01-30,IMG-20260130-WA0026.jpg,reykjavik_generic,Reykjavík,"101 Reykjavík, Höfuðborgarsvæði, Iceland",Iceland,64.1466,-21.9426
photos/2026-01-30,IMG-20260130-WA0048.jpg,reykjavik_generic,Reykjavík,"101 Reykjavík, Höfuðborgarsvæði, Iceland",Iceland,64.1466,-21.9426
photos/2026-01-30,IMG-20260130-WA0050.jpg,(none),,,,,
photos/2026-01-30,IMG-20260130-WA0055.jpg,(none),,,,,
